,Pre-B,B,Pro-B,Early Lymphoid,HSC MPP,Early Erythroid,pDC,Cycling Progenitor,Megakaryocyte Precursor,CD4 Memory T,NK,CD8 Memory T,Plasma_Cell,EoBasoMast Precursor,Late GMP,Early GMP,cDC,LMPP,MEP,Pro-Monocyte,Naive T,Monocyte,Late Erythroid,Stromal
BA2392R,0.0057765858431059,0,0.63338197938091,0,0,0,0,0,0.316899538474145,0,0,0,0,0,0,0,0,0,0,0,0,0.00124718857993362,0,0.0426947077219061
BA2611R,0.00636562318391138,0,0.618712629945817,0,0,0,0,0,0.333415955326919,0,0,0,0,0,0,0,0,0,0,0,0,0.00137514251105418,0,0.0401306490322984
BA2506R,0.00364871163826957,0,0.644729020937046,0,0,0,0,0,0.308689164435339,0,0,0,0,0,0,0,0,0,0,0,0,0,0,0.042933102989346
BA2430R,0.0124570067234203,0,0.609587759472868,0,0,0,0,0,0.332930630724686,0,0,0,0,0,0,0,0,0,0,0,0,0.00121385152996676,0,0.0438107515490584
BA2448R,0.0149922713905751,0,0.62664477411909,0,0,0,0,0,0.315127330388103,0,0,0,0,0,0,0,0,0,0,0,0,0.000883809647722473,0,0.0423518144545093
BA2730R,0.0129040132657823,0,0.623050026139462,0,0,0,0,0,0.317760761207692,0,0,0,0,0,0,0,0,0,0,0,0,0.000779327919500174,0,0.0455058714675632
BA2845R,0.00907583338449331,0,0.621040082279218,0,0,0,0,0,0.317915475952909,0,0,0,0,0,0,0,0,0,0,0,0,0.000724266148323058,0,0.0512443422350569
BA2326R,0.00638651180909343,0,0.639365046264169,0,0,0,0,0,0.305152584959341,0,0,0,0,0,0,0,0,0,0,0,0,0.000931814400870349,0,0.0481640425665268
BA2341R,0.0370898810909507,0,0.58833566915473,0,0,0,0,0,0.329033242668625,0,0,0,0,0,0,0,0,0,0,0,0,0.000600993782845415,0,0.0449402133028492
BA2612R,0.00457271425365365,0,0.638837135713889,0,0,0,0,0,0.309041081873262,0,0,0,0,0,0,0,0,0,0,0,0,0.000999861231499325,0,0.0465492069276962
BA2973R,0.00925679834975089,0,0.615230945830654,0,0,0,0,0,0.326725937186989,0,0,0,0,0,0,0,0,0,0,0,0,5.74104851989776e-05,0,0.0487289081474064
BA2390R,0.00734891120845118,0,0.636172872478544,0,0,0,0,0,0.304572718713928,0,0,0,0,0,0,0,0,0,0,0,0,0.00130198180168041,0,0.0506035157973961
BA3218R,0.00634467458292962,0,0.628606860174386,0,0,0,0,0,0.311100307162799,0,0,0,0,0,0,0,0,0,0,0,0,0.000514008845585326,0,0.0534341492343005
BA3105R,0.00845624779233368,0,0.589872675395382,0,0,0,0,0,0.349919612639495,0,0,0,0,0,0,0,0,0,0,0,0,0.00124185855599714,0,0.0505096056167915
BA3402R,0.00426624579036961,0,0.586039485049476,0,0,0,0,0,0.356607210476515,0,0,0,0,0,0,0,0,0,0,0,0,0.000879797830440405,0,0.0522072608531992
BA3276R,0.00661313710321816,0,0.58354312597416,0,0,0,0,0,0.358001569641429,0,0,0,0,0,0,0,0,0,0,0,0,0.00144993047626155,0,0.050392236804931
BA2409R,0.000583522261304645,0,0,0,0,0,0,0,0.0972151521911467,0,0,0,0,0,0,0,0.00289157916202247,0,0,0,0,0.855246021557327,0,0.0440637248281989
BA3037R,0,0,0.390312631779751,0,0,0,0.000790042063942213,0,0.262366695850616,0,0,0,0,0.000368021189903118,0,0,0,0.00145160149380127,0.0216120947885147,0,0,0.139027538240821,0,0.18407137459265
BA2496R,0.0232750645662811,0,0,0,0,0,0,0,0.0683576541798888,0,0,0,0,0,0,0,0,0,0,0,0,0.852785169656716,0,0.055582111597114
BA2172R,0.00434948966367111,0,0.321675829361848,0,0,0,0.000646622514078698,0,0.305133607547546,0,0,0,0,0,0,0,0.234520050331235,0,0,0,0,0,0,0.133674400581621
BA2865R,0,0,0.274128407188654,0,0,0,0,0,0.489750122492233,0,0.000228178084858196,0,0,0,0,0,0,0,0,0,0,0.0615524825497869,0,0.174340809684468
BA2923R,0,0,0,0,0,0,0,0,0.0412709367013415,0,0,0,0,0,0,0,0.000285277504077271,0,0,0.0038508889637766,0,0.855928945609181,0,0.0986639512216239
BA2751R,0.00124771576115352,0,0.207077618053736,0,0,0,0,0,0.224529521357034,0,0,0,0,0,0,0,0.320767010391524,0,0,0,0,0.0908603049978097,0,0.155517829438742
BA2480R,0.00398836493461943,0,0.00425547656937742,0,0,0,0,0,0.255169356810264,0,0,0,0,0,0,0,0,0,0,0,0,0.289368867668822,0,0.447217934016917
BA2286R,0.00742664971166246,0,0.209284836580456,0,0,0,0,0,0.353081551642679,0,0.00785085657903339,0,0.00103203115023652,0,0,0,0.0546054784224737,0,0,0,0,0.258886813577041,0.0192763129869734,0.0885554693494442
BA2922R,0.0260007348803332,0,0.479325838264198,0,0,0,0,0,0.293927993996611,0,0.0265921744059344,0,3.43333988041445e-06,0,0,0,0,0,0,0,0,0.0664123539110607,0,0.107737471201982
BA2452R,0.363488478051395,0,0.176026838592947,0,0,0,0,0,0.333604078053388,0,0,0,0,0,0,0,0,0,0,0,0,0,0,0.12688060530227
BA3379R,0.0013375971730867,0,0.472864130804631,0,0,0,0,0,0.136041678612143,0,0.00142423982656112,0,0,0,0,0,0.149690194087346,0,0,0,0,0.201602849534766,0,0.0370393099614659
BA2887R,0.151048018381083,0,0.111242248048842,0,0,0,0,0,0.503419585703066,0,0,0,0,0,0,0,0.0833345224880607,0,0,0,0,0.0613827233991948,0,0.0895729019797532
BA2712R,0.000432994420434459,0,0,0,0,0,0,0,0.136109125765005,0,0,0,0,0,0,0,0,0,0,0.00421211967941363,0,0.597213274687602,0,0.262032485447545
BA2068R,0.00152496488197441,0,0.215104773792828,0,0,0,0,0,0.189106559376172,0,0.0175635212264319,0,0.000378212318692669,0,0,0,0,0,0.00117050156460155,0,0,0.177072804905115,0,0.398078661934185
BA2236R,0.0150615567558681,0,0.00386929115471198,0,0,0,0,0,0.358023653007976,0,0,0,0,0,0,0,0,0,0,0,0,0.279372918088899,0,0.343672580992545
BA2104R,0,0,0,0,0,0,0,0,0.0130693955797486,0,0,0,0,0,0,0,0.00189862756436155,0,0,0,0,0.880380253267988,0,0.104651723587901
BA3124R,0.00163347270826476,0,0.0358697816708292,0,0,0,0,0,0.0657413712818567,0,0.357233932768103,0,0,0,0,0,0.000473213186761129,0,0,0,0,0.155311887755972,0.110248960118828,0.273487380509386
BA3395R,0,0,0,0,0,0,0,0,0.184024617227074,0,0,0,0.00169769287220365,0,0,0,0,0,0,0.376349274234979,0,0.368359932621773,0,0.0695684830439703
BA2921R,0,0,0.291626932310723,0,0,0,0,0,0.214407389574828,0,0.00298920814896906,0,0,0,0,0,0.16529100732118,0,0,0,0,0.108197769265072,0,0.217487693379228
BA2449R,0,0,0.546989427546875,0,0,0,0,0.00482665370246482,0.225869062774535,0,0,0,0,0,0,0,0.075042208602098,0,0,0,0,0.116527364106793,0,0.0307452832672339
BA2003R,0,0,0.226878218332571,0,0,0,0,0,0.247889321314187,0,0.00799746307875517,0,0,0,0,0,0,0,0,0,0,0.40153817995282,0,0.115696817321667
BA2360R,0,0,0.315539173185618,0,0,0,0,0,0.343542242675733,0,0,0,0.000261164615920396,0,0,0,0.191253661376376,0,0,0,0,0.119082537858079,0,0.0303212202882723
BA2802R,0,0,0.184367770389355,0,0,0,0,0,0.189182775745696,0,0.0525269616759569,0,0,0,0,0,0,0,0,0,0,0.335178176692044,0,0.238744315496947
BA2235R,0.00541386891378024,0,0.00527077816105614,0,0,0,0,0,0.252697955173251,0,0,0,1.50073273321601e-05,0,0,0,0.141645834978097,0,0,0,0,0.427620953140406,0,0.167335602306078
BA2858R,0.036941314602797,0,0,0,0,0,0,0,0.149692928667016,0,0,0,0,0,0,0,0,0,0,0.00467432599197189,0,0.664888104324314,0.00609957227292178,0.137703754140979
BA3038R,0.000827054691267112,0,0,0,0,0,0,0,0.0906892591174576,0,0,0,0.000132623017792404,0,0,0,0.00113764457108844,0,0,0.000574415159534309,0,0.794264211116807,0,0.112374792326053
BA3006R,0.00131285128209129,0,0.271557281757681,0,0,0,0,0,0.349635798580949,0,0.00888528907547433,0,0,0,0,0,0.0854744056753142,0,0,0,0,0,0,0.28313437362849
BA2245R,0,0,0.29485119656987,0,0,0,0,0,0.477964431240846,0,0,0,0,0,0,0,0.000699944213747304,0,0,0,0,0,0,0.226484427975536
BA2667R,0.00178531067850631,0,0.130961390328724,0,0,0,0,0,0.124073846038595,0,0.0294981315259957,0,0.000467480480330229,0,0,0,0.109292526289963,0,0,0,0,0.533208324828022,0,0.0707129898298636
BA2239R,0,0,0,0,0,0,0,0,0.106148090016716,0,0,0,0.000122163264159584,0,0,0,0.00355134961774831,0,0,0,0,0.745680972830635,0,0.144497424270741
BA2782R,0,0,0,0,0,0,0,0,0.0551247558104778,0,0,0,0,0,0,0,0.00267963053288889,0,0,0,0,0.808918286854184,0,0.133277326802449
BA2649R,0.170756818402263,0,0,0,0,0,0,0,0.445533198124945,0,0,0,0,0,0,0,0.000226007800360363,0,0,0.00142691946525667,0,0.0828604406480452,0,0.299196615559129
BA2488R,0,0,0.00174019452765867,0,0,0,0,0,0.357684395389706,0,0.083525344580505,0,0,0,0,0,0,0,0,0,0,0.273126227056816,0,0.283923838445314
BA2861R,0.0233523515610109,0,0.0520816320905435,0,0,0,0,0,0.256360057748347,0,0,0,0,0,0,0,0.0579003199909617,0,0,0,0,0.504261923354122,0,0.106043715255015
BA2909R,0,0,0,0,0,0,0,0,0.0575711149041252,0,0,0,2.61704407705813e-05,0,0,0,0,0,0,0,0,0.817432895405914,0,0.12496981924919
BA2429R,0.00132242201894981,0,0.0224473460980524,0,0,0.00124474803606775,0,0,0.0841089502401423,0,0.454672431628841,0,0,0,0,0,0.000186804244819974,0,0,0,0,0.300815617113801,0.0151385945547178,0.120063086064608
BA2653R,0,0,0,0,0,0,0,0,0.4121417978223,0,0.0517797658948669,0,0,0,0,0,0,0,0,0,0,0.196434707919643,0,0.33964372836319
BA2134R,0,0,0,0,0,0,0,0,0.0184766285348608,0,0,0,0,0,0,0,0,0,0,0.000916463008005357,0,0.86421056980082,0,0.116396338656314
BA2947R,0,0,0.26266447022555,0,0,0,0,0,0.215939360004867,0,0,0,0,0,0,0,0.152286941181272,0,0,0,0,0.218011513747256,0,0.151097714841055
BA2032R,0.00192878661107399,0,0.338229235972828,0,0,0,0,0.0014237218434171,0.232369569746606,0,8.82738376451293e-05,0,0,0,0,0,0.00591217055226015,0,0,0,0,0.0959661639994948,0,0.324082077436674
BA2162R,0.00483176086054596,0,0.0442499475586898,0,0,0,0,0,0.140658148190221,0,0,0,0,0,0,0,0.00157263243923898,0,0,0.000167267798823237,0,0.588031730936379,0,0.220488512216102
BA2564R,0.0628716264172665,0,0.000846588793096357,0,0,0,0,0,0.0970852307659921,0,0,0,0,0,0,0,0,0,0,0,0,0.750923602261388,0,0.0882729517622574
BA2597R,0.0015850158683217,0,0,0,0,0,0,0,0.407599189357576,0,0.0271888802378248,0,0,0,0,0,0,0,0,0,0,0.146871278031884,0,0.416755636504393
BA3243R,0,0,0.0765293538662081,0,0,0,0,0,0.165145097316364,0,0,0,0,0,0,0,0.12876305962025,0,0,0,0,0.300579986353962,0,0.328982502843216
BA2106R,0.000640728566558419,0,0.537352164647062,0,0,0,0.00245494094224866,0.00147925469288129,0.243859339892297,0,0.00221571464817512,0,0,0,0,0,0.0520809995441687,0,0,0,0,0.0708118906381119,0,0.0891049664284969
BA2427R,0.000443912137874761,0,0.112795841765851,0,0,0,0,0,0.0326092263350081,0,0.0362025539223815,0,0,0,0,0,0.189538662690677,0,0,0,0,0.450509875668986,0,0.177899927479222
BA2841R,0.0917417046107412,0,0.22436337995095,0,0,0,0,0,0.145653956109858,0,0.056796197567696,0,9.1706697693938e-06,0,0,0,0,0,0,0,0,0.362671356812556,0.0611909966636722,0.0575732376147574
BA2446R,0.0552654392638336,0,0,0,0,0,0,0,0.132925931672117,0,0,0,0,0,0,0,0.138838614541253,0,0,0,0,0.551950352311156,0,0.121019662211641
BA2645R,0,0,0.236516875182406,0,0,0,0,0.001172580371794,0.0634269048651229,0,0.0420194426662579,0,0,8.63274302021899e-05,0,0,0.0245043208692005,0,0.00148177722225247,0,0,0.45825564936727,0,0.172536122025493
BA2525R,0.000987820519969033,0,0.232255913316642,0,0,0,0,4.07957515731582e-05,0.0106584277641409,0,0.590786285663236,0,0.000406819008757338,0.00145192842000632,0,0,0.00151785708384245,0,0,0,0,0.0586761193614878,0,0.103218033110345
BA2876R,0,0,0.0666577457682891,0,0,0,0,0,0.00440284126631647,0,0.175694612965428,0,0,2.2842993665623e-05,0,0,0.00315699883535329,0,0,0,0,0.583682111950941,0,0.166382846220006
BA2357R,0.0277578588534804,0,0.0875739359488156,0,0,0,0,0,0.0695644750737573,0,0.000170207873812739,0,0.00631067990211016,0,0,0,0,0,0,0,0,0.652805589166412,0.0434557432293981,0.112361509952214
BA2546R,0,0,0,0,0,0,0,0,0.108580490247281,0,0.0212634314268378,0,0.000202899900618328,0,0,0,0,0,0,0.00355963899467225,0,0.795313543945419,0,0.0710799954851723
BA2742R,6.33854908398096e-05,0,0,0,0,0,0,0,0.0991481313713419,0,0,0,0,0,0,0,0.0669924027308037,0,0,0.00190790339510749,0,0.724745789032524,0,0.107142387979383
BA2316R,0,0,0,0,0,0,0,0,0.0949150102413458,0,0,0,0,0,0,0,0.117175506160775,0,0,0,0,0.635405098430807,0,0.152504385167072
BA2421R,0.000285202440870116,0,0,0,0,0,0,0,0.146939583802332,0,0.0451890893507303,0,0,0,0,0,0.00151080814614544,0,0,0.00279985937315026,0,0.635604767436828,0,0.167670689449943
BA2087R,0.0024844706443263,0,0.168830183715063,0,0,0,0,0,0.189476960707283,0,0.0425176769704766,0,0,0,0,0,0.266796555753691,0,0,0,0,0.267483546141837,0,0.0624106060673225
BA2910R,0.00268936881519547,0,0.464377403976727,0,0,0,0,0.00129387096701513,0.323682254455491,0,0.019291718383807,0,0,0,0,0,0.00650458098072494,0,0,0,0,0.100307360984678,0,0.0818534414363612
BA2148R,0.00120448760304989,0,0.0508625432686435,0,0,0,0,0,0.0893137410088117,0,0.0150791347646309,0,0,0,0,0,0.00272566646596306,0,0,0,0,0.615703766304886,0,0.225110660584015
BA2063R,0.00143341686849263,0,0.0217775932385832,0,0,0,0.000726751401694955,0,0.0197161466241281,0,0.510033046668585,0,0,0,0,0,0.000834700731469976,0,0,0,0,0.328294241286035,0,0.117184103181011
BA2329R,0.0110163675492491,0,0,0,0,0,0,0,0.079471812073956,0,0,0,0,0,0,0,0.000181981614687342,0,0,0.00343153342150715,0,0.835564041678597,0,0.0703342636620035
BA3178R,0,0,0,0,0,0,0,0,0.198381850066005,0,0,0,0,0,0,0,0.590201834901516,0,0,0,0,0.0256822131430005,0,0.185734101889479
BA2072R,0.0112037211450243,0,0,0,0,0,0,0,0.0906699777405381,0,0,0,0,0,0,0,0.112352845889638,0,0,0,0,0.584445975391175,0,0.201327479833624
BA3029R,0,0,0.320450695862452,0,0,0,0,0,0.329071441529739,0,0.0619267145776861,0,0,0,0,0,0,0,0,0,0,0.0616060319008339,0,0.226945116129289
BA2733R,0.0276380213032308,0,0.0341930436267973,0,0,0,0,0,0.125844101125287,0,0,0,0,0,0,0,0.133461180021889,0,0,0,0,0.474889738408304,0,0.203973915514491
BA2995R,0.00265689621757689,0,0.446764008510172,0,0,0,0.0897711245904855,0.00077997546254078,0.000500821708849855,0,0,0,0,0,0,0,0.073184328872541,0,0,0,0,0.212765260069604,0,0.17357758456823
BA2069R,0.0947143650534142,0,0,0,0,0,0,0,0.192089321506183,0,0,0,0,0,0,0,0.331497109695305,0,0,0,0,0.190507908370762,0,0.191191295374336
BA2100R,0,0,0.211964600151584,0,0,0,0,0,0.0258279532908618,0,0,0,0,0,0,0,0.122788444360628,0,0,0,0,0.505879237095238,0,0.133539765101688
BA2681R,0.0470403400387374,0,0,0,0,0,0,0,0.243759156750712,0,0,0,0,0,0,0,0,0,0,0.00240236260143179,0,0.510602926461437,0,0.196195214147681
BA2248R,0,0,0.457605737280034,0.101706667849635,0,0,0,0,0.256055382586429,0,0.000355797211689638,0,0,0,0.000147569832235528,0,0,0,0,0,0,0.0598309234138568,0,0.12429792182612
BA2832R,0.0181004237118279,0,0.00292986575233918,0,0,0,0,0,0.229804882556204,0,0.0801207253757378,0,0,0,0,0,0,0,0,0,0,0.309326913059739,0,0.359717189544153
BA2308R,0.00206045199658561,0,0.421961023118589,0,0,0,0,0.00130950083806265,0.217461556731991,0,0.00612835217401523,0,0,0,0,0,1.37632893512147e-05,0,0,0.00157183365935648,0,0.130347831268442,0,0.219145686923607
BA2413R,0.00176698975973351,0,0.495926860233426,0,0,0,0,0.00206668884544482,0.214552229091593,0,0.00333665647446894,0,0,0,0,0,0.000941118847508783,0,0,0,0,0.0570220610885221,0,0.224387395659303
BA2701R,0.000377235216740774,0,0,0,0,0,0,0,0.0896199567542807,0,0,0,0,0,0,0,0,0,0,0.00448925124645961,0,0.779518987996502,0,0.125994568786016
BA2634R,0,0,0.00728434083173204,0,0,0,0,0,0.141215324785491,0,0.0409202294852854,0,0,0,0,0,0.00358074533084501,0,0,0,0,0.630008374723964,0,0.176990984842682
BA2677R,0.00232608268927857,0,0.178006586352885,0,0,0,0,0,0.0968398574238949,0,0,0,0,0,0,0,0.00499793063529901,0,0,0,0,0.549213414730563,0,0.168616128168079
BA2937R,0.0537741867601355,0,0.03552945475064,0,0,0,0,0,0.171078630810948,0,0,0,0,0,0,0,0,0,0,0,0,0.535596099623201,0,0.204021628055076
BA2600R,0,0,0.0278771898680209,0,0,0,0,0,0.0586213962936357,0,0.0151486474086769,0,0,0,0,0,0.106240971881236,0,0,0,0,0.65586139371191,0,0.13625040083652
BA2019R,0.000888650789304277,0,0,0,0,0,0,0,0.634262874081509,0,0,0,0,0,0,0,0,0,0,0,0,0.0621501431448501,0.0219413465162578,0.280756985468079
BA2412R,0,0,0,0,0,0,0,0,0,0,0.00393780848308398,0,0,0,0,0,0,0,0,0,0,0.775201985280974,0,0.220860206235942
BA2334R,0.00336409118114696,0,0.243390432209419,0,0,0,0,0.00104975633976223,0.239417582206808,0,0.0134156523862902,0,0,0.000537983141377959,0,0,0,0,0,0,0,0.376605143950704,0,0.122219358584491
BA2050R,0.105489104928417,0,0.265440706926502,0,0,0,0,0.000378321858892064,0.250685863714814,0,0,0,0,0,0,0,0.000861718249150014,0,0,0,0,0.250549749153253,0,0.126594535168973
BA3230R,0.0504532605559342,0,0.000136390322865182,0,0,0,0,0,0.176694240970953,0,0,0,0,0,0,0,0,0,0,0.000372257398719102,0,0.588522261169265,0,0.183821589582263
BA2953R,0.10824937727695,0,0.21348653699064,0,0,0,0,0,0.107933669593774,0,0,0,0,0,0,0,0.154609783793347,0,0,0,0,0.322773210795163,0,0.092947421550126
BA2481R,0,0,0,0,0,0,0,0,0.109340888096046,0,0,0,0,0,0,0,0,0,0,0.459949911242439,0,0.34449995066129,0,0.0862092500002252
BA2731R,0,0,0,0,0,0,0,0,0.0445253411232892,0,0.000995696539322225,0,0,0,0,0,0.040080531182165,0,0,0,0,0.738477462159458,0,0.175920968995765
BA2294R,0.028675132384447,0,0.192483485398258,0,0,0,0,0,0.193569252503156,0,0,0,0,0,0,0,0.00435990317566459,0,0,0,0,0.367143515488468,0,0.213768711050006
BA2418R,0,0,0.373474922869238,0,0,0,0.000925264304551778,0.00149962002798335,0.260410179725296,0,0.0161912912655193,0,0,0,0,0,0.0273212986809005,0,0,0,0,0.129507116870725,0,0.190670306255786
BA2816R,0,0,0.323384511087802,0,0,0,0,0,0.0123077033117285,0,0.0273113186101871,0,0.000490886202776609,0,0,0,0.210599838293772,0,0,0,0,0.196836451314318,0,0.229069291179416
BA2656R,0.00137348285915689,0,0.225436435548626,0,0,0,0,0,0.48292312691983,0,0.00843695848450572,0,0,0,0,0,0.000606987508722621,0,0,0,0,0.00151963946860789,0,0.279703369210551
BA2814R,0,0,0,0,0,0,0,0,0.186570556644976,0,0,0,0,0,0,0,0.0999751673298671,0,0,0,0,0.632396786830723,0,0.0810574891944338
BA2631R,0.00234095199797431,0,0.189572321966845,0,0,0,0,0,0.341711041919222,0,0,0,0,0,0,0,0.0314759428823401,0,0,0,0,0.329438884444659,0,0.105460856788959
BA2023R,0.0183615014176558,0,0,0,0,0,0,0,0.0797574849098496,0,0,0,0,0,0,0,0.00151941456353109,0,0,0,0,0.793923449978932,0,0.106438149130032
BA2375R,0.00149610068094053,0,0.0893955350528702,0,0,0,0,0,0.0849864303243001,0,0.0691467074530627,0,0,0,0,0,0.00193811823852328,0,0,0,0,0.480049457378389,0,0.272987650871915
BA2485R,0.260312937095179,0,0,0,0,0,0,0,0.409082019668002,0,0,0,0,0,0,0,0,0,0,0,0,0,0,0.330605043236819
BA2455R,0,0,0,0,0,0,0,0,0.111528217651637,0,0,0,0,0,0,0,0.186896728255356,0,0,0,0,0.495958437995501,0,0.205616616097505
BA2025R,0.00695639207830181,0,0,0,0,0,0,0,0.344801491939442,0,0,0,0,0,0,0,0.502953214086743,0,0,0.00137831882678224,0,0.0584098543936567,0,0.0855007286750743
BA2636R,0,0,0,0,0,0,0,0,0.209903637563928,0,0.0735338836007964,0,0,0,0,0,0,0,0,0,0,0.607224978624635,0,0.109337500210641
BA2325R,0,0,0,0,0,0,0,0,0.00600371136562412,0,0,0,0,0,0,0,0,0,0,0,0,0.941345551451816,0,0.0526507371825596
BA2169R,0.00265466193121191,0,0.295285138261654,0,0,0,0,0.000709706985845833,0.157789999892277,0,0.0862588945815802,0,0,0.000207700846060968,0,0,0.000770694333820999,0,0,0,0,0.2060975337724,0,0.25022566939515
BA2156R,0.00159593086741111,0,0.39929161453795,0,0,0.00110791468259522,0,0,0.371336328149016,0,0.0512343161124141,0,0,0,0,0,0.0312285224112104,0,0,0,0,0.129664469238512,0.00620224372550568,0.00833866027538582
BA2511R,0,0,0.00346971065716367,0,0,0,0,0,0.0867376499713744,0,0.112911937610662,0,0,0,0,0,0,0,0,0,0,0.497359279807125,0.031558845946055,0.26796257600762
BA2939R,0,0,0.549433665581456,0,0,0,0,0,0.159072001585295,0,0.0306644944753795,0,0,0,0,0,0,0,0,0,0,0.0437767964461809,0,0.217053041911689
BA2168R,0.000700545555472349,0,0.373895738650034,0,0,0,0,0.0030083944972327,0.31219859539212,0,0.022990243292456,0,0,0,0,0,0,0,0,0,0,0.116325690049123,0,0.170880792563562
BA2505R,0,0,0.0649072365904365,0,0,0,0,0,0.110116409601432,0,0.0592055931076397,0,0,0,0,0,0.120773287157092,0,0,0,0,0.490685880299469,0,0.15431159324393
BA2860R,0.00566464200706585,0,0,0,0,0,0,0,0.142463819493828,0,0.0531073301649084,0,0.000170890263423956,0,0,0,0,0,0,0.00253189898535791,0,0.532307181421277,0,0.263754237664139
BA2707R,0.00179124790737756,0,0.391475789943261,0,0,0,0,0,0.102488922197741,0,0.00261318359463314,0,0,0,0,0,0.195044071502781,0,0,0,0,0.183810040948003,0,0.122776743906204
BA2871R,0.000963349031389517,0,0.0473114996396817,0,0,0,0,0,0.0641638828743088,0,0.263304896750985,0,0.000421122915268516,0,0,0,0.0859381867903056,0,0,0.000462351330473154,0,0.375503816766538,0,0.161930893901049
BA2655R,0.0999101728670329,0,0,0,0,0,0,0,0.220469314564928,0,6.53889807565704e-05,0,0.000654257184564659,0,0,0,0,0,0,0,0,0.466856894720771,0.0708376468793423,0.141206324802605
BA2227R,0.00154662476556559,0,0.523783347129367,0,0,0,0,0.00153632164298678,0.22058953086224,0,0.00851427954375474,0,0,0,0,0,0.000853719420401222,0,0,0.000829606269592212,0,0.170214063139129,0,0.0721325072269634
BA2125R,0.0449892678743385,0,0,0,0,0,0,0,0.270462542404395,0,0,0,0.00151297743795322,0,0,0,0,0,0,0.00481949435263393,0,0.488465227292248,0,0.189750490638431
BA2523R,0.294593310601451,0,0.0830848007721632,0,0,0,0,0,0.397099597677633,0,0,0,0.00166661024055123,0,0,0,0,0,0,0,0,0.00583907531244222,0,0.217716605395759
BA2603R,0.000415240990826403,0,0,0,0,0,0,0,0.203532859036059,0,0,0,0,0,0,0,0,0,0,0.188900721779896,0,0.474241994030592,0,0.132909184162627
BA2808R,0,0,0.182612686525857,0,0,0,0,0,0.190581263527462,0,0,0,0,0,0,0,0.0593750773187125,0,0,0,0,0.383099104059588,0,0.18433186856838
BA2282R,0,0,0,0,0,0,0,0,0.00373809066562551,0,0.185696564120055,0,0,0,0,0,0,0,0,0.00262407991891518,0,0.753418985927614,0,0.0545222793677902
BA2482R,0.0185856084592352,0,0.0402823730990553,0,0,0,0,0,0.257074270375917,0,0,0,0,0,0,0,0,0,0,0,0,0.523527617782753,0,0.160530130283039
BA2812R,0.0300498060149178,0,0,0,0,0,0,0,0.110477412392369,0,0,0,0,0,0,0,0,0,0,0.00318595471736826,0,0.790867163437037,0,0.0654196634383082
BA2822R,0.00101297208974364,0,0.0516236256885576,0,0,0,0,0,0.688677433334196,0,0,0,0,0,0,0,0,0,0,0.000406935405761769,0,0.00227345118326925,0,0.256005582298471
BA2594R,0.0336910227699863,0,0,0,0,0,0,0,0.119184719226686,0,0,0,0,0,0,0,0.000264037708835809,0,0,0.00422665121444585,0,0.676418470030953,0,0.166215099049093
BA2747R,0,0,0.299031155078993,0,0,0,0,0,0.232999509262466,0,0.000742892174775896,0,0,0,0,0,0.104636130313706,0,0,0,0,0.0176632478685115,0,0.344927065301547
BA2561R,0.0466787053140108,0,0,0,0,0,0,0,0.174832501377771,0,0,0,1.96757263776247e-05,0,0,0,0.00451370291375068,0,0,0.106244414860176,0,0.601107446540698,0,0.0666035532672165
BA2567R,0,0,0,0,0,0,0,0,0,0,0.161781362975345,0,0,0,0,0,0,0,0,0,0,0.540141613259487,0,0.298077023765168
BA2906R,0.171394712227505,0,0,0,0,0,0,0,0.284730714942454,0,0,0,0,0,0,0,0.22009589148032,0,0,0,0,0,0,0.323778681349721
BA2956R,0.0437364561440741,0,0.104902423364309,0,0,0,0,0,0.0746018269649704,0,0,0,0,0,0,0,0,0,0,0,0,0.43256321407211,0,0.344196079454536
BA2474R,0.00152809651085181,0,0.0356550352030704,0,0,0,0,0,0.214307964634266,0,0,0,0,0,0,0,0.0636197527537522,0,0,0,0,0.474641001328115,0,0.210248149569944
BA2737R,0,0,0,0,0,0,0,0,0.0894869908475061,0,0.00691926384668426,0,0,0,0,0,0.208373696906384,0,0,0,0,0.510443832770663,0,0.184776215628763
BA2110R,0,0,0,0,0,0,0,0,0.0356639879153743,0,0,0,0,0,0,0,0.0019103555481385,0,0,0,0,0.802387086191595,0,0.160038570344892
BA2992R,0.0764046541361273,0,0,0,0,0,0,0,0.0938840587476318,0,0,0,0,0,0,0,0.208896691297489,0,0,0,0,0.480052047791955,0,0.140762548026797
BA2220R,0.0351405202211763,0,0,0,0,0,0,0,0.739298704358681,0,0,0,0,0,0,0,0,0,0,0,0,0.116753560658454,0.00108146901389189,0.107725745747796
BA2772R,0,0,0.254595114063974,0.000240359490704491,0,0,0,0.0136274247763663,0.265101051677722,0,0,0,0,0,0.00186612703986762,0,0,0,0,0,0,0.307708530618436,0,0.15686139233293
BA2935R,0,0,0.00265278672559419,0,0,0,0,0,0.0919195903295738,0,0,0,0,0,0,0,0.135714769719458,0,0,0,0,0.654627526253786,0,0.115085326971588
BA2260R,0,0,0,0,0,0,0,0,0.0636489979003681,0,0,0,0,0,0,0,0.0904574693274214,0,0,0,0,0.670018695387855,0,0.175874837384356
BA2676R,0.099995614899231,0,0,0,0,0,0,0,0.2135586551983,0,0,0,0.000208096212793885,0,0,0,0,0,0,0.00472490683754746,0,0.475693292039637,0,0.205819434812491
BA2948R,0,0,0,0,0,0,0,0,0.0345417351362682,0,0.267412726036726,0,0,0,0,0,0,0,0,0.00479119912892872,0,0.56572021962599,0,0.127534120072087
BA2524R,0.0010049792785517,0,0.0848244889274012,0,0,0,0,0,0.0867741297704752,0,0,0,0,0,0,0,0.0938007550955956,0,0,0,0,0.577403483672679,0,0.156192163255298
BA2811R,0.115400657526713,0,0.00372891603389668,0,0,0,0,0,0.587483506442951,0,0.0123161623755132,0,0,0,0,0,0,0,0,0,0,0.000756411674599607,0,0.280314345946327
BA2540R,0,0,0.0828702874721576,0,0,0,0,0,0.377987365943752,0,0,0,0,0,0,0,0,0,0,0,0,0.384878428435428,0,0.154263918148662
BA2928R,0.0439461892869903,0,0,0,0,0,0,0,0.301498387123315,0,0,0,0,0,0,0,0.347123446950689,0,0,0,0,0.125250330691568,0,0.182181645947438
BA2302R,0,0,0.267858699230237,0,0,0,0,0.0019233821138702,0.316938555217378,0,0.0494310294654686,0,0.000332532734904818,0,0,0,0.000943717468760111,0,0,0,0,0.229990889105736,0,0.132581194663645
BA2595R,0,0,0.0519761395472261,0,0,0,0,0,0.206413807239686,0,0.0739734839923414,0,0,0,0,0,0.131461341231504,0,0,0,0,0.258563174199256,0,0.277612053789986
BA2792R,0.0258464215941362,0,0.00079800563543174,0,0,0,0,0,0.180724872403554,0,0.0492399002715216,0,0,0,0,0,0,0,0,0,0,0.580699570183102,0,0.162691229912254
BA2651R,0,0,0.356240461385279,0.00240437943419811,0,0,0,0,0.157854291587967,0,0.000435749488071889,0,0,0,0,0,0.13489506642832,0,0,0,0,0.266887580038541,0,0.0812824716376224
BA2619R,0.0214161520977854,0,0,0,0,0,0,0,0.237974102194764,0,0.00333745316951514,0,0,0,0,0,0,0,0,0.00313462426407141,0,0.484005997876049,0,0.250131670397816
BA3013R,0.178723239803706,0,0.00159386602795512,0,0,0,0,0,0.316340612216659,0,0,0,0,0,0,0,0,0,0,0.00872786315458702,0,0.387315235030292,0,0.107299183766802
BA2405R,0,0,0.629176445493402,0,0,0,0,0,0.0827106872508455,0,0.108986748606386,0,0,0,0,0,0.0357904067370401,0,0,0,0,0.00733486360999152,0,0.136000848302334
BA2735R,0,0,0.48519933049064,0.00888245840664964,0,0,0.00080048238724609,0,0.104084449914772,0,0,0,0,2.10199070654646e-05,0,0,0,0.113823752579993,0.00104902686748455,0,0,0.210769210698527,0,0.0753702687476217
BA2856R,0,0,0,0,0,0.00139932383646853,0,0,0.141434783031932,0,0.0958231023939608,0,0,0,0,0,0,0,0,0,0,0.32904263478211,0.0286425650578132,0.403657590897715
BA2377R,0.00523024511331178,0,0.0388303527666529,0,0,0,0,0,0.0895299530119456,0,0,0,0,0,0,0,0.25730844864088,0,0,0,0,0.380464906101598,0,0.228636094365611
BA2499R,0,0,0.200199832674327,0,0,0,0,0,0.187372639275382,0,0.000985105586211917,0,0,0,0,0,0,0,0,0,0,0.561473276345147,0,0.0499691461189316
BA2463R,0.00510355900609138,0,0,0,0,0,0,0,0.0898381379103202,0,0,0,0,0,0,0,0.10799270870762,0,0,0,0,0.601910664494973,0,0.195154929880996
BA3023R,0.00190290466525443,0,0.265405990312284,0,0,0,0.00103897037093465,0,0.345773770967801,0,0.00320197088622527,0,0.000232185270264246,0,0,0,0.000342122089781685,0,0,0,0,0.162665338772757,0,0.219436746664698
BA2095R,0.0417069102551275,0,0,0,0,0,0,0,0.552136026266482,0,0,0,0,0,0,0,0.0114034318244446,0,0,0,0,0,0,0.394753631653946
BA2901R,0.0257222136453964,0,0,0,0,0,0,0,0.0644127297267295,0,0,0,0,0,0,0,0.00326373547277291,0,0,0,0,0.821742066854184,0,0.084859254300917
BA2275R,0.00247515417351845,0,0,0,0,0,0,0,0.199927289243887,0,0,0,0.0014978625812048,0,0,0,0,0,0,0.183867750862944,0,0.523959979106675,0,0.0882719640317705
BA2387R,0,0,0.00992651804777605,0,0,0,0,0,0.415384864458978,0,0,0,0,0,0,0,0.0638756834827695,0,0,0,0,0.000481059600312343,0,0.510331874410164
BA2962R,0.0693557855558348,0,0.0980363163331748,0,0,0,0,0,0.402712568092238,0,0,0,0,0,0,0,0.260120769508461,0,0,0,0,0,0,0.169774560510292
BA2195R,0.00111817959161236,0,0,0,0,0,0,0,0.10966661547145,0,0,0,0,0,0,0,0,0,0,0.00313917856283012,0,0.711854593501531,0,0.174221432872576
BA2688R,0,0,0.00758449614683414,0,0,0,0,0,0.141599927692727,0,0.2384615778499,0,0.000582587773979041,0,0,0,0,0,0,0,0,0.414028455321635,0.0871508038420599,0.110592151372865
BA2787R,0,0,0,0,0,0,0,0,0,0,0,0,0,0,0,0,0,0,0,0.00450348605514948,0,0.93405642907274,0,0.0614400848721103
BA2420R,0.00185657912857173,0,0.341751771339371,0,0,0.000919998484889532,0,0,0.149355122609775,0,0.0242684937503719,0,0.000380321051259258,0,0,0,0.113195985862343,0,0,0,0,0.211000191547835,0.0154500348545082,0.141821501371076
BA2756R,0.0746430820159901,0,0.311905360848065,0,0,0,0,0,0.313443434970654,0,0.00120303182904491,0,0,0,0,0,0,0,0,0.000151766074053856,0,0.207996439184526,0,0.0906568850776665
BA2122R,0,0,0,0,0,0,0,0,0.0049140899472059,0,0,0,0,0,0,0,0,0,0,0.00310897484106781,0,0.888897930025673,0,0.103079005186054
BA2053R,0.00083215622057911,0,0.203399702250644,0,0,0,0,0,0.0661787433589179,0,0.00104490049163971,0,0,0.000110575902489932,0,0,0.0282422583970289,0,0,0,0,0.529135293877846,0,0.171056369500855
BA2080R,0.000695849696973832,0,0.386912543604257,0,0,0,0,0.000356043463757283,0.123999787673349,0,0,0,0,0,0,0,0.0455132366625428,0,0,0,0,0.374568166422735,0,0.0679543724763848
BA2081R,0,0,0.200977717875719,0,0,0,0,0,0.182216885791257,0,0,0,0.0057276167228424,0,0,0,0.276103393756043,0,0,0,0,0.146455020336831,0,0.188519365517308
BA2354R,0.0239778539441549,0,0.114822748649487,0,0,0,0,0,0.246950423649212,0,0,0,0.000266829851100689,0,0,0,0,0,0,0.219958761703022,0,0.317789554641725,0,0.0762338275612978
BA3273R,0,0,0.447862567995635,0,0,0,0,0.00123133197907879,0.0365740925176518,0,0.0155802852198088,0,0,3.99011841945687e-05,0,0,0,0,0.00116272415974287,0,0,0.203530959726009,0,0.29401813721788
BA2893R,0.0033302081601201,0,0.212714911232753,0,0,0,0,6.57504032204897e-05,0.348899590699569,0,0,0,0,0,0,0,0,0,0,0,0,0.102839289569517,0,0.33215024993482
BA2044R,0.096061082731451,0,0.047010163915029,0,0,0,0,0,0.114620720981262,0,0,0,0.000949524812694627,0,0,0,0,0,0,0.00675946044619377,0,0.674985281542344,0,0.0596137655710258
BA2489R,0.0701192219743031,0,0.0166602919957694,0,0,0,0,0,0.101872740883056,0,0.000848582206759198,0,0.00689409181143599,0,0,0,0,0,0,0.269224529511885,0,0.434652618616873,0,0.0997279229999181
BA2309R,0.0577686824487839,0,0,0,0,0.000391789318389625,0,0,0.269753204941388,0,0.0460262848701008,0,0,0,0,0,0,0,0,0.00374717375198041,0,0.38719353966227,0.0162671295143459,0.218852195492741
BA2720R,0,0,0,0,0,0,0,0,0.193331854087113,0,0,0,0,0,0,0,0,0,0,0,0,0.287338116098213,0.345843807881286,0.173486221933388
BA2908R,0,0,0.634394236284214,0.00301978637601095,0,0,0,0,0.296137319091219,0,0.0178765084441052,0,4.91053348998102e-05,0,0,0,0,0,0,0,0,0.0207804120148107,0,0.0277426324547406
BA2054R,0.0203628199059576,0,0,0,0,0,0,0,0.0942207432962592,0,0,0,1.15190985282345e-06,0,0,0,0,0,0,0.114089728248836,0,0.719333929391425,0,0.0519916272476696
BA2872R,0.0260902349368634,0,0,0,0,0,0,0,0.132555060061704,0,0,0,0,0,0,0,0,0,0,0.0043140971218861,0,0.757842589785888,0.00130898483886604,0.077889033254793
BA2526R,0.000583611715974105,0,0.267744686348577,0,0,0,0,0,0.202541647294657,0,0.178418029935169,0,0,0,0,0.000283712289244376,0.00126932457250153,0,0,0,0,0.145227775215791,0,0.203931212628086
BA2041R,0.114481039258375,0,0.00246558702884569,0,0,0.0807566109485906,0,0,0.215560596372495,0,0,0,1.47807238567546e-06,0,0,0,0,0,0,0,0,0.297342371375773,0.000450092663480022,0.288942224280056
BA2464R,0.0118081004640606,0,0.0283362949584738,0,0,0,0,0,0.4271097481988,0,0.038115031985368,0,0.00109559608152914,0,0,0,0,0,0,0,0,0.0854672400869385,0,0.40806798822483
BA2902R,0.0583500914294251,0,0.100401062346026,0,0,0,0,0,0.199796547079762,0,0.0262008283615702,0,0,0,0,0,0.000111301227872239,0,0,0,0,0.314469930506285,0,0.300670239049059
BA2541R,0.00503152847368409,0,0.145508010262961,0,0,0,0,0,0.273282045305739,0,0,0,8.9016127334581e-05,0,0,0,0.0218212616777932,0,0,0.00218600385859184,0,0.433054153347819,0,0.119027980946077
BA2143R,0.0358538896891276,0,0,0,0,0,0,0,0.115604192570356,0,0,0,0.000638285502538252,0,0,0,0,0,0,0.0046856793921837,0,0.649704676835826,0,0.193513276009968
BA2094R,0.00164075978118799,0,0.000419177746966667,0,0,0,0,0,0.272083763268469,0,0.0344699636237224,0,0,0,0,0,0.0288385611164162,0,0,0.00493602276228087,0,0.493513644860081,0,0.164098106840876
BA2769R,0,0,0.028658751775471,0,0,0,0,0,0.0551215926550973,0,0.0785358009142966,0,0,0,0,0,0,0,0,0,0,0.810973531965353,0,0.026710322689782
BA2843R,0.00242763247691178,0,0.769695033140659,0,0,0,0,0.00103142068073668,0.0651910473368249,0,0.00681448109893684,0,0,0,0,0,0.0013566626576126,0,0,0,0,0.113846264728525,0,0.0396374578797938
BA2592R,0.155701670324659,0,0.0375874466857066,0,0,0,0,0,0.160291303765907,0,0.0769124539178308,0,0,0,0,0,0,0,0,0,0,0.300234270291797,0.0306505107268835,0.238622344287216
BA2497R,0,0,0,0,0,0,0,0,0.107212932031988,0,0,0,0,0,0,0,0,0,0,0.155204901807526,0,0.586360971611938,0,0.151221194548548
BA2718R,0.00140127102123763,0,0.315965645960889,0,0,0,0,0,0.422666357703103,0,0,0,0,0,0,0,0.106086791681617,0,0,0,0,0.0590603163582748,0,0.0948196172748789
BA2575R,0,0,0,0,0,0,0,0,0.0307891330685512,0,0,0,0,0,0,0,0,0,0,0,0,0.848944265867518,0,0.120266601063931
BA2096R,0.0850834521481068,0,0,0,0,0.0181467124171769,0,0,0.237061677274037,0,0.00128714109414101,0,0.00322843720342527,0,0,0,0,0,0,0,0,0.435174250671163,0.0261258889823224,0.193892440209628
BA2593R,0.00199424389105077,0,0,0,0,0,0,0,0.128678314126197,0,0.010454399393376,0,0,0,0,0,0.124123425443162,0,0,0,0,0.623981359767814,0,0.1107682573784
BA2791R,0,0,0.153868238792127,0,0,0,0,0,0.365179703105077,0,0.0481532666586711,0,0,0,0,0,0,0,0,0,0,0.182237803875656,0,0.250560987568469
BA2620R,0.0146679140572017,0,0.0167191142291144,0,0,0,0,0,0.0691411258820817,0,0,0,0,0,0,0,0,0,0,0,0,0.689882504441848,0,0.209589341389755
BA2629R,0.0025755702529464,0,0.668102208401717,0,0,0,0,0,0.10256220907888,0,0.0472731151274752,0,0.00201019254978905,0,0,0,0.00240476641646321,0,0,0,0,0,0,0.175071938172729
BA2870R,0.207423075902,0,0.127129486351953,0,0,0,0,0,0.331202014149218,0,0,0,0,0,0,0,0.0245005452375819,0,0,0,0,0.124131832938848,0,0.1856130454204
BA2423R,0,0,0,0,0,0,0,0,0,0,0.0581209686350193,0,0,0,0,0,0.00322182685931763,0,0,0,0,0.831747981171449,0,0.106909223334214
BA2682R,0,0,0.225750809725702,0,0,0,0,0,0.146220893975561,0,0.0378376717875514,0,0,0,0,0,0.115094329047556,0,0,0,0,0.29272084151986,0,0.182375453943769
BA2276R,0.0192831810313004,0,0.00102144685131066,0,0,0,0,0,0.206873116070763,0,0.00241428823520605,0,0,0,0,0,0,0,0,0.173087825284409,0,0.544493977402266,0,0.0528261651247457
BA2348R,0,0,0,0,0,0,0,0,0.0042876296570628,0,0,0,0,0,0,0,0,0,0,0.00265926339290237,0,0.962974632008781,0,0.0300784749412542
BA2709R,0.00282177172675491,0,0.000488086887384229,0,0,0,0,0,0.0638793146285395,0,0,0,0,0,0,0,0.0588218594475108,0,0,0,0,0.810588190625386,0,0.0634007766844247
BA2789R,0.0886699893897158,0,0.261547305073149,0,0,0,0,0,0.409356046208888,0,0,0,0,0,0,0,0,0,0,0,0,0.0386489423914084,0,0.201777716936839
BA2694R,0,0,0.127718204952335,0,0,9.19196517276938e-06,0,0,0.070209688282991,0,0.0614632151793616,0,0,0,0,0,0.0931544144753698,0,0,0,0,0.414171156452228,0.00455264128073089,0.22872148741181
BA2538R,0,0,0.616479977886246,0,0,0.00018701747605013,0,0,0.0297743162859583,0,0.0238111456630564,0,0.000401741285652053,0,0,0,0.00189938755416684,0,0,0.000797826828280817,0,0.228622509949156,7.05645401675381e-05,0.0979555125312666
BA2583R,0.000374959342055329,0,0.646857050346248,0,0,0.00233084391446716,0,0,0.0908133703401349,0,0.00334836258314582,0,0.00189879266473616,0,0,0,0.00567955528432748,0,0,0,0,0.108662037712863,0.0381406085387794,0.101894419273243
BA2415R,0.0140733114415317,0,0,0,0,0,0,0,0.0404249183083273,0,0,0,0.000317859523284239,0,0,0,0,0,0,0.0274564301943831,0,0.89271861545087,0,0.0250088650816037
BA2722R,0.00282811441270646,0,0.00755786615790215,0,0,0,0,0,0.362505313365803,0,0,0,0,0,0,0,0,0,0,0.000602437450224796,0,0.505452589631631,0,0.121053678981733
BA2806R,0.000171050848821851,0,0.365613760154327,0,0,0,0,0.00104743085178825,0.290811163775956,0,0,0,0,0,0,0,0.014038170662064,0,0,0,0,0.235549833120079,0,0.0927685905869641
BA2221R,0.016970809049762,0,0,0,0,0,0,0,0.0592493051482224,0,0.0685704381580731,0,0,0,0,0,0,0,0,0.00308094778586883,0,0.726802657091899,0.0234851059000524,0.101840736866122
BA3025R,0.000820132479724588,0,0.325897250659262,0,0,0.000477661939418858,0,0,0.497900373346811,0,0,0,0,0,0,0,0.0166720433457623,0,0,0,0,0,0.00962180856883881,0.148610729660182
BA2514R,0.156303628505168,0,0.0241046326497024,0,0,0,0,0,0.0795281897347355,0,0.000699177527485502,0,0.000625657455209928,0,0,0,0,0,0,0,0,0.6122117069723,0,0.126527007155399
BA2520R,0.000546131439374497,0,0.65240205339329,0,0,0,0,0,0.0281081455065452,0,0.165624721991564,0,0.000431627031174963,0,0,0,0,0,0,0,0,0.048220128982082,0,0.10466719165597
BA2441R,0,0,0.378530032319723,0,0,0,0,0,0.31410730183555,0,0,0,0,0,0,0,0.0589427473431502,0,0,0,0,0.0215429144010416,0,0.226877004100535
BA2153R,0.00121015774796685,0,0.400562920502586,0,0,0,0,0.000883765534156627,0.357459189228472,0,0.1135468584446,0,0,0,0,0,0,0,0,0,0,0.0599831138183456,0,0.0663539947238729
BA2479R,0.000638007355263577,0,0.0651416584987261,0,0,0,0,0,0.0289281265751727,0,0.610052688970995,0,0,0,0,0,0,0,0,0,0,0.0771913626155919,0.0844645789692436,0.133583577015007
BA2281R,0.0601361090234323,0,0.116614692098238,0,0,0,0,0,0.456966179714255,0,0,0,0,0,0,0,0,0,0,0,0,0.0399096090035436,0,0.326373410160532
BA2657R,0,0,0,0,0,0,0,0,0.0422944092390155,0,0,0,0,0,0,0,0,0,0,0,0,0.909463147155122,0,0.0482424436058627
BA2932R,0,0,0.437643133318601,0,0,0,0,0,0.31387820386076,0,0,0,0,0,0,0,0.0981266742865865,0,0,0,0,0.00590329978086487,0,0.144448688753187
BA2123R,0.161357426769066,0,0.00134540182469496,0,0,0.182800984063658,0,0,0.294867456404071,0,0,0,0.000110059551329652,0,0,0,0,0,0,0,0,0.119913176776293,0.0182940789149565,0.221311415695931
BA2844R,0.187193058936599,0,0.0579973124126565,0,0,0,0,0,0.217423129811322,0,0.000153050670493406,0,0,0,0,0,0.178163579792733,0,0,0,0,0.152152129089214,0,0.206917739286982
BA2660R,0.00187656769671896,0,0.250595872276024,0,0,0,0,0,0.168088461805074,0,0,0,0,0,0,0,0.236022749348522,0,0,0,0,0.295512372752801,0,0.0479039761208607
BA2836R,0.00322460184465005,0,0.178526168172966,0,0,0,0,0,0.140626091836197,0,0.0311613232443588,0,0,0,0,0,0.0374337151053063,0,0,0,0,0.377923971742517,0,0.231104128054005
BA3027R,0,0,0,0,0,0,0,0,0.00973659917747926,0,0.0709585729545558,0,0,0,0,0,0,0,0,0.00364832449963493,0,0.754225392748842,0.000126585175924177,0.161304525443564
BA2714R,0.00825010499432709,0,0.0443844875008162,0,0,0,0,0,0.184620457728334,0,0,0,0,0,0,0,0.0857956015131953,0,0,0,0,0.515636396768339,0,0.161312951494989
BA2139R,0,0,0,0,0,0,0,0,0.00225578416029781,0,0,0,0,0,0,0,0.00231976374728945,0,0,0.000583575157427886,0,0.921379155240534,0,0.0734617216944512
BA2251R,0,0,0.372485321607101,0,0,0,0,0,0.363509236757186,0,0.0252582195347009,0,0.000337329369692422,0,0,0,0.0346319387223005,0,0,0,0,0.0544550685062844,0,0.149322885502735
BA2952R,0.0963107028846771,0,0.00178278765511921,0,0,0,0,0,0.210803141426803,0,0,0,7.0630142493334e-05,0,0,0,0.122747335031466,0,0,0,0,0.394178667520845,0,0.174106735338597
BA2440R,0.0294378171282798,0,0,0,0,0,0,0,0.108623899597839,0,0,0,0.000175743478571631,0,0,0,0,0,0,0,0,0.71621379034599,0.00963788976067703,0.135910859688643
BA2036R,0.16676518239422,0,0.00168699765656875,0,0,0,0,0,0.287071366748344,0,0,0,0,0,0,0,0,0,0,0,0,0.0580385792049579,0,0.486437873995909
BA2828R,0.00171687499982876,0,0.00593352559612036,0,0,0,0,0,0.0677539784020493,0,0.0645562467354715,0,0,0,0,0,0.00250907462767137,0,0,0,0,0.630281370988337,0,0.227248928650521
BA2292R,0.0560221301204256,0,0,0,0,0.134534030759471,0,0,0.227338412304725,0,0,0,0.00096269198390265,0,0,0,0,0,0,0.00202828230452084,0,0.221078415515825,0.095290345558004,0.262745691453125
BA2410R,0.0017444280637783,0,0.377257354309378,0,0,0,0.00011209620776621,0,0.229458756462795,0,0,0,0,0,0,0,0.000615984833536167,0,0.00134247989542116,0,0,0.170685180769428,0,0.218783719457897
BA2051R,0,0,0,0,0,0,0,0,0.021004043863249,0,0,0,0,0,0,0,0.0832609368192507,0,0,0,0,0.775770086541377,0,0.119964932776124
BA2532R,0.0290553287348825,0,0.00212819007133082,0,0,0,0,0,0.284906563773485,0,0.0304804498271507,0,0,0,0,0,0,0,0,0,0,0.287968962358502,0,0.365460505234649
BA2986R,0.00317708812760536,0,0.196132951382529,0,0,0,0,0,0.150486183939443,0,0.448060217416067,0,0.000630025794000661,0,0,0,0.0848343653577424,0,0,0,0,0,0,0.116679167982613
BA2494R,0,0,0,0,0,0,0,0,0.321876191018584,0,0.0510424443143618,0,0,0,0,0,0,0,0,0.00330686097345667,0,0.379409196927747,0.0334823188250964,0.210882987940755
BA2515R,0.0847991846482415,0,0.0790538661250226,0,0,0,0,0,0.110618206200933,0,0.00964195850629713,0,0,0,0,0,0,0,0,0,0,0.619151241125055,0,0.0967355433944504
BA2748R,0.0147299421666679,0,0.414294020714559,0,0,0,0,0,0.257808396831275,0,0,0,0,0,0,0,0.000156652745956199,0,0,0.00676609823399195,0,0.258515486977927,0,0.0477294023296232
BA2970R,0.0618464075862732,0,0.000732736246116027,0,0,0,0,0,0.15619652853767,0,0,0,0,0,0,0,0,0,0,0,0,0.535216726873996,0,0.246007600755945
BA2622R,0,0,0.122806916425176,0,0,0,0,0,0.0429006238213126,0,0.0739877176076943,0,0.000497330368061274,0,0,0,0.0964465564317579,0,0,0,0,0.500687960108092,0,0.162672895237906
BA2839R,0.00249560474302119,0,0.315824635131183,0,0,0,0,0.00184206638889639,0.144704109590577,0,0,0,0.00083603984019592,0,0,0,0.048577262320475,0,0.000489097354884718,0,0,0.398998809834879,0,0.0862323747958877
BA2052R,0.00248083409402777,0,0.471029181086088,0,0,0,0,0,0.0560161898478929,0,0,0,0,0,0,0,0,0,0,0.00203481914719127,0,0.339926267790866,0,0.128512708033934
BA3011R,0.039639293301226,0,0.0160890125859086,0,0,0,0,0,0.202294001078312,0,0.0175848908535441,0,0,0,0,0,0,0,0,0,0,0.280166021922721,0,0.444226780258288
BA2868R,0.00152549631800652,0,0.252516398605334,0,0,0,0,0,0.309529708083371,0,0.026088998615784,0,0,0,0,0,0.124301490485745,0,0,0,0,0.190671238203205,0,0.0953666696885541
BA2510R,0.0285857243744217,0,0,0,0,0,0,0,0.163288050663079,0,0.128759379926217,0,0,0,0,0,0.616493262042938,0,0,0,0,0,0,0.0628735829933444
BA2065R,0.0379129766865411,0,0.138970350478862,0,0,0,0,0,0.392335713115108,0,0,0,0,0,0,0,0.136264001975526,0,0,0,0,0.124131501271115,0,0.170385456472848
BA2691R,0,0,0.0393829834768519,0,0,0,0,0,0.0507156255311467,0,0.0235798098411251,0,0,0,0,0,0.0030193640268238,0,0,0,0,0.772206262353538,0.0115363244079352,0.0995596303625795
BA2374R,0.0372786178660932,0,0,0,0,0,0,0,0.393441597753054,0,0,0,0,0,0,0,0,0,0,0.00214769305345029,0,0.163282795159238,0,0.403849296168165
BA2804R,0.111298853510402,0,0,0,0,0,0,0,0.151283637227257,0,0,0,0,0,0,0,0,0,0,0.0043338692275935,0,0.566708661345646,0,0.166374978689101
BA2670R,0,0,0,0,0,0,0,0,0.0201653457326445,0,0,0,0,0,0,0,0.0026011512609784,0,0,0,0,0.883326467882346,0,0.0939070351240309
BA2675R,0,0,0.148952089698075,0,0,0,0,0,0.528973287213206,0,0,0,0,0,0,0,0.0776522743014853,0,0,0,0,0.0843293885271164,0,0.160092960260118
BA2589R,0.000169208982715922,0,0.212190920591502,0,0,0,0,0.00130249620509843,0.0788381778314839,0,0.0721283418937231,0,0,9.62834066227124e-05,0,0,0,0,0.00113572964957961,0,0,0.587554096370396,0,0.0465847450688784
BA2031R,0.0608542250688931,0,0,0,0,0,0,0,0.346910499653611,0,0,0,0,0,0,0,0.226924020736702,0,0,0,0,0.275258432911211,0,0.090052821629583
BA2198R,0.00282687095595254,0,0.409077889056639,0,0,0,0,0,0.225471261919202,0,0.00639737718374508,0,0.000294255925406292,0,0,0,0.150908892142659,0,0,0,0,0.0692552234150018,0,0.135768229401394
BA2066R,0.111267557399111,0,0,0,0,0,0,0,0.260416038562286,0,0,0,0,0,0,0,0.201678233780176,0,0,0,0,0.24618577189328,0,0.180452398365147
BA2344R,0.0385729283839413,0,0.125751733309477,0,0,0,0,0,0.250824724523925,0,0,0,0,0,0,0,0.161306011667201,0,0,0.000439937765145016,0,0.26787755227856,0,0.155227112071751
BA2459R,0.00155216914549571,0,0.568905682252214,0,0,0.00200612406293335,0,0,0.0916790509479228,0,0,0,0,0,0,0,0.000913332580425976,0,0,0,0,0.148590829471694,0.0133531534859407,0.172999658053374
BA2229R,0.00103363614876403,0,0.26210967186258,0,0,0.000534678604862303,0,0,0.123356269615782,0,0.0529215086666093,0,0,0,0,0,0.00210447686763453,0,0,0,0,0.324091017438313,0,0.233848740795454
BA2559R,0.0520711186404282,0,0.0184752652659601,0,0,0,0,0,0.0408502415246761,0,0,0,0,0,0,0,0,0,0,0,0,0.696997983438395,0,0.191605391130541
BA2093R,0.0159946233439105,0,0.348353675044761,0,0,0,0,0,0.351515659072506,0,0.00345542692415062,0,0.000136803937621179,0,0,0,0,0,0,0,0,0,0,0.280543811677051
BA2000R,0.0499901991674373,0,0,0,0,0,0,0,0.337571277821688,0,0,0,0,0,0,0,0.0864827136807163,0,0,0.00178834187765129,0,0.338886510594486,0,0.185280956858021
BA2425R,0,0,0,0,0,0,0,0,0.476775607021585,0,0,0,0,0,0,0,0,0,0,0.00315662666340275,0,0.17663752983383,0,0.343430236481183
BA2905R,0.000804950800276644,0,0.455458487289479,0,0,0,0,0.00183147346261136,0.198292762428718,0,0.0158990382785767,0,0,0,0,0,0.000260126153756594,0,0,0,0,0.205391734576713,0,0.122061427009869
BA2304R,0,0,0,0,0,0,0,0,0.0269406172268216,0,0,0,0,0,0,0,0.000883250530732893,0,0,0.00301373613048625,0,0.917317229622008,0,0.0518451664899514
BA2976R,0.0078216777476632,0,0.000310784868627668,0,0,0,0,0,0.105201417495188,0,0.00231011873340302,0,0,0,0,0,0,0,0,0,0,0.758717102303726,0,0.125638898851392
BA2386R,0.00352656401225347,0,0.222885137298005,0,0,0,0,0.00122002397609772,0.230236934774678,0,0,0,0,0,0,0,0,0,0,0,0,0.372453276012855,0,0.169678063926111
BA2035R,0.00352936208579387,0,0.364420792027883,0,0,0,0,0.000606054229925988,0.387027330915958,0,0,0,0,0,0,0,0,0,0,0,0,0,0,0.244416460740439
BA2760R,0.0441614853864957,0,0.00173328010057473,0,0,0,0,0,0.0679081363369863,0,0,0,0,0,0,0,0,0,0,0,0,0.673328903670948,0,0.212868194504995
BA2201R,0.0221164642734355,0,0,0,0,0,0,0,0.265114216211672,0,0,0,0,0,0,0,0.115996605617769,0,0,0,0,0.465237965122133,0,0.131534748774991
BA2355R,0.0160774161257491,0,0.149401028167061,0,0,0,0,0,0.0771119329793023,0,0.0607054110485571,0,0,0,0,0,0,0,0,0.0470352403118708,0,0.524646659337164,0,0.125022312030295
BA2113R,0.142698269587746,0,0.136689175175771,0,0,0,0,0,0.175993521329819,0,0,0,0.00027809886340457,0,0,0,0.038128008281265,0,0,0.000218779694374453,0,0.328788317079904,0,0.177205829987716
BA2155R,0.0291830024355535,0,0.498321203583247,0,0,0.026305913885636,0,0,0.20288843925259,0,0.0369802089727622,0,0,0,0,0,0,0,0,0,0,0.010677673794272,0.000319686394723954,0.195323871681215
BA2955R,0,0,6.69279034314548e-06,0,0,0,0,0,0.0371568740165777,0,0.000388733789954041,0,0.00386343943271918,0,0,0,0.331305940522722,0,0,0,0,0.416784679113937,0,0.210493640333748
BA2502R,0.00203628891154859,0,0.000473848532923962,0,0,0,0,0,0.139244299785015,0,0,0,0,0,0,0,0.221451551553443,0,0,0,0,0.459964794813476,0,0.176829216403593
BA2322R,0.0696598740865606,0,0.10434324414273,0,0,0,0,0,0.0774908643533212,0,0,0,0,0,0,0,0.00988586442504825,0,0,0,0,0.566669128814297,0,0.171951024178043
BA2376R,0,0,0,0,0,0,0,0,0.0339847012423044,0,5.35367553721748e-05,0,6.94320504401585e-06,0,0,0,0.00443399423263846,0,0,0,0,0.942437345618895,0,0.019083478945746
BA2020R,0.0567317963257034,0,0.183746972557884,0,0,0,0,0,0.358362812028706,0,0,0,0,0,0,0,0.0323127063021667,0,0,0,0,0.0807575598369973,0,0.288088152948542
BA2226R,0,0,0.0147436666606729,0,0,0,0,0,0.166544968335018,0,0,0,0,0,0,0,0,0,0,0,0,0.700676756697141,0,0.118034608307168
BA2200R,0.0034601562286547,0,0.314167321348004,0,0,0,0,0,0.278470837821341,0,0,0,0,0,0,0,0.00057698353671996,0,0,0,0,0.202911552379666,0,0.200413148685614
BA2121R,0.114944949223832,0,0,0,0,0,0,0,0.172419823951819,0,0,0,0.000334655304177515,0,0,0,0,0,0,0,0,0.480017455917455,0,0.232283115602716
BA2944R,0.0019452647475965,0,0.407731119366657,0,0,0,0,0.00103960066381884,0.263812522059708,0,0.0344307474558684,0,0,0,0,0,0.0703936200895319,0,0,0,0,0,0,0.220647125616819
BA2033R,0.0119225867726567,0,0,0,0,0,0,0,0.0280094003812125,0,0.0108123216407381,0,0,0,0,0,0,0,0,0.00444956966446905,0,0.838146525880246,0,0.106659595660677
BA2867R,0.0347026580954291,0,0.194433434822207,0,0,0,0,0,0.0771265391881361,0,0.000314509776551309,0,0,0,0,0,0,0,0,0,0,0.640240170444049,0,0.0531826876736275
BA2089R,0.00106012265295829,0,0,0,0,0,0,0,0.105757617754576,0,0,0,0,0,0,0,0,0,0,0.000963288155346983,0,0.802643625642376,0,0.0895753457947431
BA2224R,0.0203676701122896,0,0.0650689063069441,0,0,0,0,0,0.134268584185361,0,0.218801752678228,0,0.000244227742651324,0,0,0,0,0,0,0,0,0.492131812562455,0,0.0691170464120709
BA2046R,0,0,0.340213629539722,0,0,0.0101543001621479,0,0,0.195520199214022,0,0.0990749633877259,0,0.000732833368866329,0,0,0,0.0829744900979301,0,0,0,0,0.232770287472598,0.00441055134275661,0.0341487454142316
BA2972R,0,0,0.342227739190628,0,0,0,0,0,0.133770949658903,0,0.0238464621466353,0,0,0,0,0,0.154964674489971,0,0,0,0,0.211348484920187,0,0.133841689593676
BA2978R,0,0,0,0,0,0,0,0,0.0477334352828625,0,0,0,0,0,0,0,0,0,0,0.00490707450890713,0,0.820359123003441,0,0.127000367204789
BA2829R,0,0,0.091029553476257,0,0,0,0,0,0.214537640376177,0,0.000139319140908624,0,0,0,0,0,0,0,0,0,0,0.435859709273917,0,0.258433777732741
BA2851R,0.0124885960788497,0,0.176452850643943,0,0,0,0,0,0.272102919931917,0,0,0,0,0,0,0,0.000720307149025151,0,0,0,0,0.433010860687785,0,0.105224465508481
BA2587R,0.0589358935643562,0,0.00167344120146871,0,0,0,0,0,0.124181340496396,0,0,0,0,0,0,0,0,0,0,0,0,0.620937961150933,0,0.194271363586846
BA2461R,0,0,0,0,0,0,0,0,0.0148386366693839,0,0.112732278990223,0,0.000678105087511467,0,0,0,0,0,0,0,0,0.784875480318625,0.0120185479730065,0.0748569509612495
BA2695R,0.00816717028279895,0,0.00727990094454732,0,0,0,0,0,0.0182688766119839,0,0.00486914398409325,0,0,0,0,0,0.140551280201521,0,0,0,0,0.703177474843809,0,0.117686153131247
BA2623R,0,0,0.342558132720356,0,0,0,0,0,0.159754423473402,0,0,0,0,0,0,0,0,0,0,0,0,0.274882081270109,0,0.222805362536132
BA2024R,0,0,0,0,0,0,0,0,0.0315354463770436,0,0.0163606216352808,0,0.0012820479952332,0,0,0,0,0,0,0.00426689353920591,0,0.80235234445009,0,0.144202646003147
BA2426R,0.0596308671184316,0,0.00112356985291706,0,0,0,0,0,0.0491812016996784,0,0,0,0,0,0,0,0.231935196290873,0,0,0,0,0.504911806670443,0,0.153217358367657
BA2271R,0,0,0,0,0,0,0,0,0.101045007140843,0,0,0,0,0,0,0,0,0,0,0.00419738768174229,0,0.637262849420297,0,0.257494755757118
BA3004R,0.0469513566632704,0,0.0526964569346297,0,0,0,0,0,0.289599725773231,0,0.0283298805305962,0,0,0,0,0,0,0,0,0,0,0.328306438986119,0,0.254116141112153
BA2579R,0,0,0,0,0,0,0,0,0.0337353575407568,0,0.574968388177488,0,0,0,0,0,0.00619846944473071,0,0,0,0,0.266761736295275,0.00311136687678913,0.11522468166496
BA3010R,0.0135828739186799,0,0.066913100079929,0,0,0,0,0,0.110874876369785,0,0,0,0,0,0,0,0.0287582102556455,0,0,0.00289926120543268,0,0.702249349698905,0,0.0747223284716228
BA2662R,0.0529030538589475,0,0,0,0,0,0,0,0.1120802274161,0,0,0,0.000715518167384591,0,0,0,0.045822324791648,0,0,0,0,0.720049939465152,0,0.0684289363007676
BA2674R,0,0,0.223292794100421,0,0,0,0,0,0.343572303301077,0,0.012855986491039,0,0,0,0,0,0,0,0,0,0,0.219491365269443,0,0.200787550838019
BA2280R,0.0726138908499095,0,0.00285717769748969,0,0,0,0,0,0.431859236904884,0,0,0,0,0,0,0,0.000431003311591827,0,0,0,0,0.195029771926548,0,0.297208919309577
BA2512R,0,0,0,0,0,0,0,0,0.0237396811679769,0,0,0,0,0,0,0,9.29186369785234e-05,0,0,0.0033275103745906,0,0.94868169635089,0,0.0241581934695642
BA2658R,0,0,0.047508597115886,0,0,0,0,0,0.0984325684425236,0,0.0140152734969889,0,0,0,0,0,0.000781315506112376,0,0,0,0,0.683730143635682,0,0.155532101802807
BA2394R,0.00195530455906206,0,0.0396978877649692,0,0,0,0,0,0.142231134834307,0,0,0,0,0,0,0,8.99926825206643e-05,0,0,0.000315699294077036,0,0.573740891092392,0,0.241969089772672
BA2950R,0,0,0.13555439040383,0,0,0,0,0,0.0844629370280897,0,0.00472671637443241,0,0,0,0,0,0.153868439601864,0,0,0.00187195448883848,0,0.351027347986307,0,0.268488214116638
BA2981R,0.055467149710107,0,0.00160230644602695,0,0,0,0,0,0.140371040507655,0,0.000613958190619352,0,0,0,0,0,0,0,0,0.0682911220671232,0,0.628021372701422,0,0.105633050377047
BA2934R,0,0,0,0,0,0,0,0,0.00417854953558655,0,0.256083297922123,0,0,0,0,0,0,0,0,0,0,0.670208067482856,0,0.0695300850594346
BA2539R,0,0,0,0,0,0,0,0,0.0223482392041061,0,0.00329613261742911,0,0,0,0,0,0,0,0,0,0,0.924299594164959,0,0.0500560340135055
BA2249R,0,0,0.0597619018198946,0,0,0,0,0,0.222130878203846,0,0.00796918296103546,0,0,0,0,0,0.182189091016763,0,0,0,0,0.374670193526978,0,0.153278752471483
BA2034R,0.00190038198966172,0,0.495524355924907,0,0,0,0,0.00220248902771341,0.317389366615705,0,0.0228286508807793,0,0,0,0,0,0.00422090624811453,0,0,0,0,0.0538962654686108,0,0.102037583844509
BA2109R,0,0,0,0,0,0,0,0,0.012797613866393,0,0,0,0,0,0,0,0,0,0,0.00288555390858524,0,0.890359584729144,0,0.0939572474958783
BA2242R,0.00313893729176913,0,0.140088570980771,0,0,0,0,0.000425605899141525,0.306361454070909,0,0.0261427235438968,0,0,0,0,0,0,0,0,0,0,0.0510955419585453,0,0.472747166254968
BA2277R,0,0,0.0479153655239102,0,0,0.000125776536124011,0,0,0.32960973285678,0,0.0615120600974061,0,0,0,0,0,0.275576599893358,0,0,0,0,0,0.00839394354903062,0.27686652154339
BA2727R,0.000179131824895714,0,0.448627771089698,0,0,0,0,0.00209689874655698,0.290963701815108,0,0.018851984399865,0,0,0,0,0,0,0,0,0,0,0,0,0.239280512123876
BA2132R,0.00155461841841976,0,0.050871247408488,0,0,0,0,0,0.164733173857374,0,0.0198310885248403,0,0,0,0,0,0.177374928917888,0,0,0,0,0.290542725006683,0,0.295092217866307
BA2618R,0.00596677410152485,0,0.00119648505350302,0,0,0,0,0,0.140097466992144,0,0.00382041920286966,0,0,0,0,0,0,0,0,0.0242392651606348,0,0.673411160702263,0,0.151268428787061
BA2521R,0.00156385347909993,0,0.0319280651776803,0,0,0,0,0,0.224969195770132,0,0,0,0,0,0,0,0.0916725302270603,0,0,0,0,0.53185422595789,0,0.118012129388138
BA2846R,0.103107238117893,0,0.0554089380126184,0,0,0,0,0,0.3541199134505,0,0.00538663774348513,0,0,0,0,0,0.00207100232739209,0,0,0,0,0.199521659308494,0,0.280384611039616
BA2885R,0.000789179705043593,0,0,0,0,0,0,0,0.134647942373093,0,0,0,0,0,0,0,0.00173647794508221,0,0,0.000225706688880075,0,0.688327114411531,0,0.17427357887637
BA2639R,0.0785433079186684,0,0,0,0,0,0,0,0.235617061343455,0,0,0,0,0,0,0,0.0595500336750251,0,0,8.04747587435524e-05,0,0.355720990086529,0,0.27048813221758
BA2775R,0.0158097316315373,0,0,0,0,0,0,0,0.23409464192404,0,0,0,0,0,0,0,0.000560562665902208,0,0,0.000341654237283956,0,0.443198500018156,0,0.30599490952308
BA2402R,0.00210325102954713,0,0.177946270748378,0,0,0,0,0,0.161500895471867,0,0.109870508469988,0,0,0,0,0,0.00212035600321691,0,0,0.000148694449617878,0,0.296508616359447,0,0.249801407467938
BA2097R,0.00129221148124101,0,0.183154101409564,0,0,0,0,0.000202731174804984,0.118430372009929,0,0.0524626152238704,0,0,3.99245281489089e-05,0,0,0.102485810165399,0,0,0,0,0.332764164810176,0,0.209168069196868
BA2786R,0.0690670821952409,0,0,0,0,0,0,0,0.306276475381637,0,0,0,0,0,0,0,0.144345249319093,0,0,0.00196598449305546,0,0.411137612602064,0,0.0672075960089088
BA2399R,0.000976650919595299,0,0.570481274336061,0,0,0,0,0.000697157880486521,0.321261054702297,0,0,0,0,0,0,0,0.00144503031878812,0,0,0,0,0.0533727740654456,0,0.0517660577773268
BA2850R,0,0,0.20007459214745,0,0,0,0,0.000556214234800596,0.211750209931277,0,0.0639610322263248,0,0,0,0,0,0.0826591760526183,0,0,0,0,0.271769066189117,0,0.169229709218413
BA2174R,0.0013357771128684,0,0.0427860687997431,0,0,0,0,0,0.0405265774945331,0,0,0,0,0,0,0,0,0,0,0.0010641272352336,0,0.804616638632001,0,0.109670810725621
BA2004R,0.000321058959664538,0,0,0,0,0,0,0,0.0599226318680095,0,0.143357188317051,0,0.000132854271037116,0,0,0,0.000653198860085337,0,0,0.00224877011007872,0,0.544274717798692,0,0.249089579815382
BA3001R,0.0166717591629845,0,0.472614506937073,0,0,0,0,0.00113372881877943,0.413452092590345,0,0,0,0,0,0,0,0,0,0,0,0,0,0,0.0961279124908184
BA2311R,0,0,0.000290455158275216,0,0,0,0,0,0.0201667573049706,0,0,0,0,0,0,0,0.0153082005851367,0,0,0,0,0.849715218297746,0,0.114519368653871
BA2483R,0.00126001823067639,0,0,0,0,0,0,0,0.363609154046625,0,0.0157547008414441,0,0,0,0,0,0.112324232119535,0,0,0.000975290636614956,0,0.310247736754282,0,0.195828867370823
BA3040R,0.0291066057863558,0,0,0,0,0.0393646127871947,0,0,0.301612795040521,0,0,0,0.000343583097316529,0,0,0,0,0,0,0.0139422545448187,0,0.423237304166883,0.00153416130956566,0.190858683267345
BA2837R,0.0013244892621271,0,0.198154171538987,0,0,0,0,0.000209307321055366,0.136622795405109,0,0,0,0,0,0,0,0,0,0,0.00341189171933174,0,0.517950716669418,0,0.142326628083973
BA2724R,0,0,0.000313190183377756,0,0,0,0,0,0.0648638494688329,0,0,0,0,0,0,0,0,0,0,0,0,0.792908367714357,0,0.141914592633432
BA2911R,0.00291067349030027,0,0.419345493096682,0,0,0,0,0.00163407882590157,0.450987469017954,0,0.000498498133057518,0,0,0.000233874910957175,0,0,0,0,0,0,0,0,0,0.124389912525148
BA2256R,0.0531029590504407,0,0.344969557616701,0,0,0,0,0,0.379011497833618,0,0,0,0,0,0,0,0.116369858721719,0,0,0,0,0.000436785166607996,0,0.106109341610914
BA2821R,0.00262207672955071,0,0.408288750908096,0,0,0,0,0,0.196443239032539,0,0,0,0,0,0,0,0.173000645164484,0,0,0,0,0.178612073789955,0,0.0410332143753757
BA2233R,0.00261956988652579,0,0.453130262504241,0,0,0,0,0.00170527904406232,0.264228826749432,0,0.0114585337783327,0,0,3.04455082339506e-05,0,0,0,0,0,0,0,0.0326325830649674,0,0.234194499464206
BA2744R,0.0821007828858492,0,0.184789629389971,0,0,0,0,0.00018004608028339,0.38012297620796,0,0.0699183448673262,0,0,0,0,0,0.000212132640731602,0,0,0.016912924097382,0,0.0622154884978997,0,0.203547675332596
BA2880R,0.0141158726338739,0,0,0,0,0,0,0,0.0774469134810766,0,0.00359226811077639,0,0.00068513482259662,0,0,0,0,0,0,0.00445015566635919,0,0.821450317644193,0,0.0782593376411246
BA2621R,0,0,0,0,0,0,0,0,0.0548401701587116,0,0,0,0,0,0,0,0,0,0,0.00478334120597573,0,0.861367787993669,0,0.0790087006416433
BA3002R,0,0,0,0,0,0,0,0,0.37282852791958,0,0.02253110102239,0,0,0,0,0,0.114965355833465,0,0,0,0,0.311740046782366,0,0.177934968442198
BA2501R,0.000793987181272659,0,0,0,0,0,0,0,0.321279136943748,0,0,0,0,0,0,0,0.0488221551068208,0,0,0.00237147835395984,0,0.225866578998759,0,0.400866663415439
BA2993R,0,0,0.263189098087756,0,0,0,0,0,0.163724949871554,0,0.0862424508183623,0,0,0,0,0,0.0447506239138372,0,0,0,0,0.180285708557521,0,0.261807168750971
BA2301R,0.01658324689759,0,0,0,0,0,0,0,0.0687639056251616,0,0,0,0,0,0,0,0.00178243113732053,0,0,0,0,0.844603508171314,0,0.0682669081686139
BA2852R,0,0,0.122881426420935,0,0,0,0,0,0.0267695257854429,0,0.417039445484659,0,0,0,0,0,0.00455113540107614,0,0,0,0,0.308797635085288,0,0.119960831822599
BA2133R,0.00102213047046978,0,0.002234411401145,0,0,0,0,0,0.00895394390728813,0,0.149839846091671,0,0,0,0,0,0.00185387908806932,0,0,0,0,0.675260785507275,0,0.160835003534082
BA2866R,0.152098078240848,0,0.0860782647605746,0,0,0,0,0,0.162657393921134,0,0,0,0,0,0,0,0,0,0,0.0142097191057156,0,0.444159087207405,0,0.140797456764322
BA2212R,0.025865853788129,0,0.20451846022667,0,0,0,0,0,0.137026931456796,0,0.000235486185292407,0,2.3200354194674e-06,0,0,0,0,0,0,0.00832752388435278,0,0.450705263727014,0.00927896038076894,0.164039200315558
BA2685R,0.182772706644638,0,0.0544075354213927,0,0,0,0,0,0.303305528508583,0,0,0,0.00524915403375005,0,0,0,0,0,0,0.00207617645239145,0,0.27503499987703,0,0.177153899062214
BA2273R,0.0850243204912081,0,0.126694906052551,0,0,0.029838431048644,0.000260345356842584,0,0.177031020594574,0,0.00470284886661255,0,0.00133794822599417,0,0,0,0.000820126154806807,0,0,0,0,0.201595544159933,0,0.372694509048833
BA2477R,0.256882557813115,0,0,0,0,0,0,0,0.316049338297838,0,0,0,0,0,0,0,0.0242875969152468,0,0,0,0,0.15724655129281,0,0.24553395568099
BA2659R,0.0600408697542968,0,0.000228052214422992,0,0,0,0,0,0.146536082852021,0,0,0,0,0,0,0,0,0,0,0,0,0.682229710551776,0,0.110965284627484
BA2124R,0.0352766557811161,0,0.266672707389223,0,0,0,0,0,0.297917727840836,0,0,0,0,0,0,0,0,0,0,0,0,0.240720622062149,0,0.159412286926676
BA2363R,0,0,0.00787249707342398,0,0,0,0,0,0.0904840590099725,0,0,0,0,0,0,0,0.0865757458952259,0,0,0,0,0.631984818509522,0,0.183082879511855
BA2369R,0.10518816414714,0,0.00211564431161379,0,0,0,0,0,0.0517386698962466,0,0.000692838818741279,0,0,0,0,0,0.0458689636352121,0,0,0,0,0.662286453654201,0,0.132109265536845
BA2534R,0.00196761088919203,0,0.317215750939007,0,0,0,0,0,0.41287460727314,0,0,0,0,0,0,0,0.0602479550373234,0,0,0,0,0,0,0.207694075861337
BA2400R,0.00270848365750945,0,0.433160814656645,0,0,0,0,0,0.160320430967138,0,0.0283607699377031,0,0.000148310768850965,0,0,0,0.0440518990238423,0,0,0,0,0.102807776440357,0,0.228441514547953
BA2762R,0.00159579298476765,0,0.306508714300757,0,0,0,0,0.000473378968936621,0.16817776203846,0,0,0,0,0,0,0,0.0601768549547468,0,0,0,0,0.266964359776403,0,0.196103136975929
BA2312R,0,0,0.120365864007862,0,0,0,0,0,0.153813154982969,0,0.112745183669762,0,0,0,0,0,0.0497557057894973,0,0,0,0,0.34629978413428,0,0.217020307415629
BA2813R,0.00167689198518622,0,0.428434446822043,0,0,0,0,0.00140947539797752,0.229268848529428,0,0,0,0,0,0,0,0.00163888067836994,0,0,0,0,0.206664921512264,0,0.130906535074731
BA2211R,0.144471607932467,0,0,0,0,0,0,0,0.385360813566854,0,0,0,0,0,0,0,0,0,0,0,0,0.0614400061194113,0,0.408727572381268
BA2171R,0.174746255757649,0,0.0030492589229903,0,0,0,0,0,0.37667529984502,0,0,0,0,0,0,0,0,0,0,0,0,0.0159186601548249,0,0.429610525319516
BA2746R,0,0,0,0,0,0,0,0,0.0539006751791547,0,0.00661648517185447,0,0,0,0,0,0.00342119425871018,0,0,0,0,0.901526746005737,0,0.0345348993845436
BA2798R,0,0,0.438717431560536,0,0,0,0,0,0.0979606094471597,0,0,0,0.000420284179541375,0,0,0,0.0405527518894856,0,0,0,0,0.271376892556961,0,0.150972030366316
BA2809R,0,0,0.29362095795889,0,0,0,0,0,0.393320636505318,0,0.0237284058389389,0,0,0,0,0,0,0,0,0,0,0.111771031368655,0,0.177558968328198
BA2288R,0.0936812057070621,0,0.0497569777816205,0,0,0,0,0,0.0702526721398394,0,0.034692095118148,0,0.024655261388204,0,0,0,0,0,0,0,0,0.480645174006478,0,0.246316613858648
BA2801R,0,0,0,0,0,0,0,0,0.0782571563371668,0,0,0,0,0,0,0,0,0,0,0.00491286669133614,0,0.763550766153576,0,0.153279210817921
BA3030R,0.0186999166046582,0,0,0,0,0,0,0,0.154005733120659,0,0,0,0,0,0,0,0,0,0,0.00396147869504007,0,0.736249183809064,0,0.0870836877705786
BA2588R,0,0,0.168276294679991,0,0,0,0,0,0.202777261716221,0,0.104611218466667,0,0,0,0,0,0,0,0,0,0,0.276502933306752,0,0.247832291830369
BA2296R,0.0170147252047762,0,0.169038273821566,0,0,0,0,0,0.164908744757777,0,0.0223060335322856,0,6.29045468081867e-06,0,0,0,0.101625929573057,0,0,0.000329363275530172,0,0.42528544781489,0,0.0994851915654367
BA2300R,0.0776292659963842,0,0,0,0,0,0,0,0.249721659433102,0,0,0,0,0,0,0,0.166083000536314,0,0,0.00146651695649817,0,0.231698126955372,0,0.27340143012233
BA2903R,0,0,0,0,0,0,0,0,0,0,0.0118702855244602,0,0,0,0,0,0,0,0,0.000339154914476363,0,0.937556757614602,0,0.0502338019464618
BA2473R,0.180942045083401,0,0,0,0,0.0413072664640177,0,0,0.207715412996491,0,0,0,9.07897762429462e-05,0,0,0,0,0,0,0,0,0.424940748359029,0.000633702863004038,0.144370034457815
BA2545R,0.015024668131226,0,0,0,0,0,0,0,0.122053514493403,0,0.063694469380867,0,0.00135909456976321,0,0,0,0,0,0,0.00457261468969874,0,0.760400116981576,0,0.032895521753467
BA2840R,0,0,0,0,0,0,0,0,0.77219964290162,0,0.00619317531570115,0,0,0,0,0,0,0,0,0,0,0.0346286953356055,0,0.186978486447073
BA2528R,0.0115260724108552,0,0.103143359040667,0,0,0,0,0,0.123942164172378,0,0.0271107511191303,0,0,0,0,0,0,0,0,0.182847121151597,0,0.380243751055698,0,0.171186781049675
BA2646R,0.0410235182160997,0,0.0265568197024686,0,0,0,0,0,0.284140053986865,0,0.0453394286950662,0,0,0,0,0,0,0,0,0,0,0.181102741150522,0,0.421837438248978
BA3407R,0.0318976264723638,0,0,0,0,0,0,0,0.0689899465792818,0,0.0290177106384835,0,3.61664278593526e-06,0,0,0,0,0,0,0.00479741389396254,0,0.775943558104574,0.00843699677758188,0.0809131308909666
BA2240R,0,0,0.0319593660728948,0,0,0,0,0,0.56218603394822,0,0.00500243862756548,0,0,0,0,0,0.112610462437988,0,0,0,0,0,0,0.288241698913331
BA2926R,0.100724138263016,0,0.0492021083748309,0,0,0,0,0,0.297706205595827,0,0,0,1.42957158188238e-06,0,0,0,0,0,0,0,0,0.320780431538443,0,0.2315856866563
BA2272R,0.000588301418043733,0,0,0,0,0,0,0,0.093119578398462,0,0,0,0,0,0,0,0.106067900617027,0,0,0,0,0.661234338673565,0,0.138989880892902
BA2306R,0.00192488217004181,0,0.0987501965745628,0,0,0,0,0,0.259116476599525,0,0,0,0,0,0,0,0.168652789556369,0,0,0,0,0.190554564285192,0,0.281001090814309
BA2765R,0,0,0,0,0,0,0,0,0.0546571157851586,0,0,0,0,0,0,0,0,0,0,0.00472529778207547,0,0.852129851630407,0,0.0884877348023587
BA2904R,0.0131389050754553,0,0.0289042203791372,0,0,0,0,0,0.15845228502346,0,0,0,0,0,0,0,0.0710867868867996,0,0,0,0,0.389529032168078,0,0.33888877046707
BA2883R,0.0886487662864796,0,0.0889932444510062,0,0,0,0,0,0.131621192934271,0,0,0,0,0,0,0,0.000557676599349537,0,0,0,0,0.522449059590358,0,0.167730060138535
BA2726R,0,0,0,0,0,0,0,0,0.0309566148271792,0,0,0,0,0,0,0,0,0,0,0,0,0.825810506488204,0,0.143232878684617
BA2234R,6.94189402364968e-05,0,0,0,0,0,0,0,0.104752412199579,0,0,0,0,0,0,0,0.00313206009990055,0,0,0.00143598005966974,0,0.870400751370823,0,0.0202093773297907
BA2022R,0.0447834659142364,0,0.00261621924319869,0,0,0,0,0,0.518408612451525,0,0,0,0,0,0,0,0,0,0,0,0,0.0745260049843449,0,0.359665697406695
BA2228R,0.0852594975377337,0,0,0,0,0,0,0,0.0724543707181432,0,0.00939663309010296,0,0,0,0,0,0.000851164386000146,0,0,0.00326004561020656,0,0.777317826035111,0,0.0514604626227025
BA2037R,0.00230488420367834,0,0.378820030804354,0,0,0,0,0,0.299732980790532,0,0,0,0,0,0,0,0.00507111036743481,0,0,0.00115387399674981,0,0.216996785080675,0,0.0959203347565758
BA2184R,0.00045224106587444,0,0.597278775417288,0,0,0,0,0,0.241011538224451,0,0.000108012817670621,0,0.000207796300646469,0,0,0,0,0,0,0,0,0.0991024808363729,0,0.0618391553376961
BA3009R,0.0020666726358872,0,0.212105507284575,0,0,0,0,0,0.11137128931605,0,0,0,0,0,0,0,0.0658662983678545,0,0,0,0,0.394851348837701,0,0.213738883557932
BA2842R,0,0,0,0,0,0,0,0,0.0250141573294395,0,0.0124138887922342,0,0.00213121080480908,0,0,0,0,0,0,0,0,0.878750350046136,0,0.0816903930273808
BA2442R,0.00211197164521243,0,0.0856796605357147,0,0,0,0,0,0.41679509781614,0,0,0,0,0,0,0,0.0957707184282621,0,0,0,0,0.236473119457886,0,0.163169432116784
BA2882R,0,0,0,0,0,0,0,0,0.0288487483780273,0,0.0151250598109987,0,0,0,0,0,0.00210801684086242,0,0,0,0,0.85635584620425,0,0.097562328765862
BA2758R,0,0,0.00924750994306169,0,0,0,0,0,0.0366827042321303,0,0.0136488057097314,0,0,0,0,0,0,0,0,0,0,0.737856098650988,0,0.202564881464089
BA2705R,0,0,0.108306957758867,0,0,0,0,0,0.0843017614126579,0,0.115509430019734,0,0,0,0,0,0.0334198275973603,0,0,0,0,0.441901535424538,0,0.216560487786843
BA2663R,0,0,0,0,0,0,0,0,0,0,0.00178358643410786,0,0,0,0,0,0,0,0,0.000770860604080458,0,0.973773129382037,0,0.023672423579775
BA2570R,0.0030166338423055,0,0.221148368031826,0,0,0,0,0,0.132212316731894,0,0.00224624991904975,0,0,0,0,0,0.00130732882045263,0,0,0,0,0.5359179201494,0,0.104151182505072
BA2764R,0,0,0.0031055828114315,0,0,0,0,0,0.117341366653605,0,0.0825201594700096,0,0.00157004020588908,0,0,0,0,0,0,0,0,0.718032274677588,0,0.0774305761814769
BA2209R,0,0,0.466052812764397,0,0,0.00223403972846232,0,0,0.0456167575595482,0,0.0479399481354112,0,0,2.66397001165878e-05,0,0,0.00151893494006252,0,0,0,0,0.329348601532236,0.0442990203387576,0.0629632453010088
BA2989R,0.00214401601209469,0,0.24921213728713,0,0,0,0,0.00108584917707155,0.151149614452328,0,0.00851369063615456,0,0.000842277624203176,0,0,0,0,0,0,0.000163926127277525,0,0.455129411119084,0,0.131759077564657
BA2855R,0.00260644707208541,0,0,0,0,0,0,0,0.0312848030843143,0,0.00484297787067679,0,0.00154543078455654,0,0,0,0,0,0,0,0,0.891482274678943,0,0.0682380665094235
BA2261R,0.0063576100054209,0,0,0,0,0,0,0,0.102521647881913,0,0,0,0,0,0,0,0.000189256640937993,0,0,0,0,0.739872420292662,0,0.151059065179066
BA2721R,0,0,0.00157845836007767,0,0,0,0,0,0.065508292741452,0,0.000261061403144383,0,0,0,0,0,0,0,0,0,0,0.781716895140027,0,0.150935292355299
BA2930R,0,0,0.00192629020439377,0,0,0,0,0,0.0406237504790859,0,0.0207659161720875,0,0,0,0,0,0,0,0,0,0,0.84228662994815,0,0.0943974131962824
BA2728R,0.000897846855307774,0,0,0,0,0,0,0,0.128373576324493,0,0.0110862948814658,0,0,0,0,0,0,0,0,0.00221428227907196,0,0.780710623325208,0,0.0767173763344532
BA2715R,0.101897039874455,0,0.00168923130669758,0,0,0,0,0,0.156093373636983,0,0.00390467858819271,0,0,0,0,0,0,0,0,0,0,0.601990351206684,0,0.134425325386987
BA2469R,0.0265519549703751,0,0.0787413898308729,0,0,0,0,0,0.140254141866362,0,0.00176799418725929,0,0,0,0,0,0,0,0,0.070839394060655,0,0.597164355795849,0,0.0846807692886272
BA2269R,0,0,0,0,0,0,0,0,0.00135281872083286,0,0,0,0,0,0,0,0,0,0,0,0,0.887638895780134,0,0.111008285499033
BA2098R,0.000573511622281971,0,0,0,0,0,0,0,0.077262807525125,0,0.0051398377618075,0,0,0,0,0,0.0883568488870032,0,0,0,0,0.731530969541823,0,0.0971360246619598
BA2778R,0,0,0,0,0,0,0,0,0.00116353525206455,0,0.00130712298064166,0,0,0,0,0,0,0,0,0,0,0.959686323491845,0,0.0378430182754491
BA2951R,0,0,0.278801928654272,0,0,0,0,0.00201331774431335,0.371324751237783,0,0,0,0,0,0,0,0,0,0,0.00069072783792537,0,0.266635461130944,0,0.0805338133947621
BA2163R,0.0564950324656387,0,0.0110846130460448,0,0,0,0,0,0.254907730065503,0,0,0,0.000585000358663514,0,0,0,0,0,0,0,0,0.385051250574853,0,0.291876373489297
BA2379R,0,0,0,0,0,0,0,0,0.00400435252803126,0,0.013172905906866,0,0,0,0,0,0,0,0,0,0,0.895941176905245,0,0.0868815646598574
BA2817R,0.00220808623451338,0,0.212606422775299,0,0,0,0,0.000474116411109362,0.0722264935904715,0,0.116814851531349,0,0.000242816957519178,0,0,0,0.000627993330046753,0,0,0,0,0.469757695181262,0,0.125041523988431
BA3153R,0,0,0.216348441108764,0,0,0,0.00208969798297304,0.00215816698167286,0.12686050826104,0,0.382978157660409,0,0,0,0,0,0,0,0,0,0,0.208422743644232,0,0.0611422843609098
BA2820R,0,0,0.00322618601829002,0,0,0,0,0,0.0981825884427701,0,0,0,0.000362507349529127,0,0,0,0,0,0,0,0,0.817582046579476,0,0.0806466716099344
BA2723R,0.0463963849746074,0,0.0738621773034585,0,0,0,0,0,0.12262584415795,0,0.0202004621835859,0,0,0,0,0,0,0,0,0,0,0.427808327232482,0,0.309106804147917
BA2704R,0.304079970981922,0,0,0,0,0,0,0,0.375585167498985,0,0,0,0,0,0,0,0,0,0,0,0,0,0,0.320334861519093
BA2088R,0.0611296204158017,0,0,0,0,0,0,0,0.101438462144247,0,0.0995675527725971,0,0,0,0,0,0,0,0,0,0,0.603138730419312,7.44762266034605e-06,0.134718186625382
BA2116R,0.000288262517173362,0,0,0,0,0,0,0,0.0948159798892724,0,0,0,0,0,0,0,0,0,0,0.00427701457611638,0,0.67147500118169,0,0.229143741835748
BA2584R,0.00272340810557688,0,0.0728066004963188,0,0,0,0,0,0.143372119161162,0,0.166268508258871,0,0.000410139776673105,0,0,0,0.154914382374494,0,0,0,0,0.110205987811243,0,0.349298854015662
BA3079R,0.00187578739250362,0,0.0351182126152307,0,0,0,0,0,0.127032282145027,0,0.0179215854396446,0,0,0,0,0,0.0232883388921248,0,0,0,0,0.482657472868784,0,0.312106320646685
BA2417R,0.148494806454318,0,0.00131968637399087,0,0,0,0,0,0.152744090226506,0,0,0,0,0,0,0,0.0118242120286264,0,0,0,0,0.472732780833798,0,0.212884424082762
BA2361R,0.0463060268391713,0,0,0,0,0,0,0,0.0522495186639422,0,0.0220081647758828,0,0,0,0,0,0,0,0,0.00450905672996067,0,0.824029660379317,0,0.0508975726117258
BA2450R,0,0,0.0890474782664973,0,0,0,0,0,0.485331954231877,0,0.0354195396878746,0,0,0,0,0,0,0,0,0,0,0.194114277404135,0,0.196086750409616
BA2492R,0,0,0,0,0,0,0,0,0.108720416080214,0,0,0,0,0,0,0,0.00137575041519867,0,0,0.00181099368815361,0,0.760115487081279,0,0.127977352735155
BA2552R,0.00134719661384981,0,0.408945072144449,0,0,0,0,0.00173590899229514,0.291683152545384,0,0.0079121724367217,0,0,0,0,0,0,0,0.00178440968487554,0,0,0.120972796536817,0,0.165619291045609
BA2472R,0.0820701717522481,0,0.0020943575873371,0,0,0,0,0,0.0902050043956771,0,0.0115308587035023,0,0.000126602338717813,0,0,0,0,0,0,0,0,0.707017264691672,0.00671163979578673,0.100244100735059
BA2994R,0.0392256170991458,0,0.067656399026891,0,0,0,0,0,0.564109563055479,0,0,0,0,0,0,0,0,0,0,0,0,0.0823352744986051,0,0.24667314631988
BA2047R,0.0178252730374446,0,0.00122952668910406,0,0,0,0,0,0.372755386829114,0,0.0182054620708388,0,0,0,0,0,0,0,0,0,0,0.257314509019865,0,0.332669842353634
BA2101R,0.00123390322717808,0,0.0854564418722918,0,0,0.000179699673335751,0,0,0.0549375534898047,0,0.245234192397396,0,0.000139327939515384,0,0,0,0.0400164709852514,0,0,0,0,0.214981471922222,0.00875402765210525,0.3490669108409
BA2082R,0,0,0.205980790766168,0,0,0,0,0,0.0636637663393185,0,0.0552023280327058,0,1.98856022270057e-06,0,0,0,0.185578967623454,0,0,0,0,0.436042230456283,0,0.0535299282218469
BA2879R,0,0,0,0,0,0,0,0,0.0108031546766054,0,0.0448005026621113,0,0,0,0,0,0,0,0,0.00425021188630454,0,0.738703163093099,0.00176165929089496,0.199681308390984
BA2577R,0.227421669352804,0,0.0892901471811356,0,0,0.0139528215750901,0,0,0.387533790346913,0,0,0,0,0,0,0,0,0,0,0,0,0.175303893772274,0.000705000707883096,0.1057926770639
BA2456R,0.0274494571956547,0,0.00212432223455586,0,0,0,0,0,0.0287069204739686,0,0.0296699299376818,0,0,0,0,0,0,0,0,0,0,0.748068242580242,0,0.163981127577897
BA2175R,0.0166155430745672,0,0,0,0,0,0,0,0.118654925078432,0,0,0,0,0,0,0,0,0,0,0.105522558760769,0,0.558594969798106,0,0.200612003288126
BA2824R,0.00205319830312157,0,0.0880158455646411,0,0,0,0,0,0.611253009554224,0,0,0,0,0,0,0,0,0,0,0,0,0.161467069115947,0,0.137210877462067
BA2507R,0.00202833666197178,0,0.52041065341938,0,0,0,0,0,0.202761099495652,0,0,0,0,0,0,0,0.00218517733464384,0,0,0,0,0.106911347491648,0,0.165703385596704
BA2563R,0.128542381602267,0,0.0577824383428625,0,0,0,0,0,0.399195054053988,0,0,0,0,0,0,0,0,0,0,0,0,0.0204801436948839,0,0.393999982305998
BA2244R,0,0,0.00375123339530904,0,0,0,0,0,0.237609503309511,0,0,0,0,0,0,0,0.133671521393877,0,0,0,0,0.496225022021453,0,0.12874271987985
BA2470R,0.133574397712063,0,0.0754686432377871,0,0,0,0,0,0.299926655638699,0,0,0,0,0,0,0,0.00103296789591562,0,0,0,0,0.229791960271179,0,0.260205375244356
BA2984R,0.165286260259968,0,0,0,0,0,0,0,0.335276297343024,0,0.00689721156849388,0,0,0,0,0,0.00030268045353922,0,0,0,0,0.110300150146648,0,0.381937400228326
BA2414R,0.0876995822261815,0,0.0362132288551243,0,0,0,0,0,0.240400061158442,0,0,0,0,0,0,0,0.187671129394226,0,0,0,0,0.322797869971326,0,0.125218128394701
BA2697R,0,0,0,0,0,0,0,0,0.000472963676249505,0,0,0,0,0,0,0,0.00199893929990094,0,0,0,0,0.943352169424639,0,0.0541759275992111
BA2079R,0,0,0,0,0,0,0,0,0.000384021134387637,0,0.0145705269364231,0,0,0,0,0,0.000598932909647863,0,0,0,0,0.906640465735713,0.0102820413754245,0.0675240119084043
BA2999R,0.0627550513881466,0,0.0304393256046644,0,0,0,0,0,0.295669214943306,0,0,0,0,0,0,0,0.101121202915567,0,0,0,0,0.361294875323032,0,0.148720329825283
BA2644R,0.00117373414973315,0,0.0331892848846671,0,0,0,0,0,0.0653863787087838,0,0.0661625418667555,0,0,0,0,0,0.0292142350622472,0,0,0,0,0.595030195067544,0,0.209843630260269
BA2011R,0,0,0.000178501583759819,0,0,0,0,0,0.0284522253525964,0,0.0674481687875649,0,0,0,0,0,0,0,0,0,0,0.71166966453511,0,0.192251439740969
BA2217R,0,0,0.621773911141878,0,0,0,0,0,0.290193878232399,0,0.00100269958961058,0,0.000236397155804362,0,0,0,0.0355061462819226,0,0,0,0,0.00110318978718429,0,0.0501837778112014
BA2454R,0.00273042875400702,0,0.294092497810678,0,0,0,0,0,0.425075235265467,0,0,0,0,0,0,0,0.0401136190990175,0,0,0,0,0,0,0.237988219070831
BA2776R,0.374607982333964,0,0,0,0,0,0,0,0.450841206351026,0,0,0,0,0,0,0,0,0,0,0,0,0,0,0.174550811315009
BA2218R,0,0,0.00204086314263453,0.153009058673079,0,0,0,0.185459957281206,0.24496054832899,0,0,0,0,0.00114440118736907,0,0.185962894871815,0,0.0662058097383004,0.0785075721419996,0,0,0.0483324484877221,0,0.0343764461468849
BA2135R,0,0,0.27398621490389,0,0,0,0,0.00203682760829402,0.163698034921782,0,0.0232170186465298,0,0,4.72512546797709e-05,0,0,0,0,0,0,0,0.453770023823146,0,0.0832446288416789
BA2914R,0.00102341895799306,0,0,0,0,0,0,0,0.134848764006313,0,0,0,0,0,0,0,0,0,0,0.00206808305640279,0,0.767840806686835,0,0.0942189272924565
BA2500R,0.000184946227186314,0,0,0,0,0,0,0,0.344158436098632,0,0.0120645185501415,0,0,0,0,0,0.0012365784061976,0,0,0.00289331176937914,0,0.414197739671892,0,0.225264469276571
BA2830R,0.00268967509649257,0,0.488838720316035,0,0,0,0,0.00034953182732395,0.225804789923585,0,0,0,0,0,0,0,0.0101714994674813,0,0,0,0,0.148385187579397,0,0.123760595789685
BA2406R,0,0,0,0,0,0,0,0,0.0758763710345576,0,0.00254706743437956,0,0.00187696622180883,0,0,0,0,0,0,0.00449047037585909,0,0.829371514440659,0,0.0858376104927358
BA3108R,0,0,0.472158141921158,0,0,0,0,0,0.341557777672497,0,0.0205097426413243,0,0.00144547615797383,0,0,0,0,0,0,0,0,0.0294021022677665,0,0.134926759339281
BA2924R,0,0,0.0643468450406926,0,0,0,0,0,0.139772942283361,0,0.0981846983794858,0,0,0,0,0,0.0104863815201152,0,0,0,0,0.422096192327985,0,0.265112940448361
BA2303R,0,0,0,0,0,0,0,0,0.0811887524566442,0,0,0,0,0,0,0,0.140542859725615,0,0,0,0,0.545558996855723,0,0.232709390962018
BA2160R,0.00353477793187738,0,0.257193126050546,0,0,0,0,0,0.355557123614642,0,0.00121221446585992,0,0,0,0,0,0.000763933873042323,0,0,0,0,0.0481719110983325,0,0.3335669129657
BA2038R,0.115326734087241,0,0,0,0,0,0,0,0.077853878127954,0,0.0514180140837598,0,0.00114338760887922,0,0,0,0,0,0,0.00284271945061825,0,0.703479668183738,0.00628870843668532,0.0416468900211236
BA2602R,0.0566031296070456,0,7.92308977252315e-05,0,0,0,0,0,0.0560265198602048,0,0.0213667563758208,0,0,0,0,0,0,0,0,0.0329053836313367,0,0.780430556332573,0.00464370396077381,0.0479447193345202
BA2964R,0.0432705743738292,0,0,0,0,0.00113816688580316,0,0,0.105536409861263,0,0.0161591025849139,0,0.00526976918946745,0,0,0,0.000613200242976126,0,0,0,0,0.76246167803011,0.023336191997796,0.0422149068338411
BA2898R,0,0,0.0442108147350844,0,0,0.000457058739517157,0,0,0.103263101637866,0,0.144159783560956,0,0.00325982355192234,0,0,0,0.00130588314300939,0,0,0.00198378637347934,0,0.631173258559151,0.023515426529868,0.0466710631691468
BA3003R,0.00566429314390345,0,0.0347588918830847,0,0,0,0,0,0.0924335205086961,0,0.147577122787752,0,0.00391047825238597,0,0,0,0,0,0,0,0,0.644762716192439,0.0245114815851377,0.0463814956466011
BA2111R,0.0126791466190179,0,0,0,0,0.000266927643487463,0,0,0.143694889653616,0,0.0568522449052497,0,0.00443214018098241,0,0,0,0,0,0,0.00394197938216487,0,0.65102771474662,0.055474530881177,0.0716304259876843
BA2827R,0.0248785904457668,0,0,0,0,0.000250098332625478,0,0,0.125020240642932,0,0.0218673421612924,0,0.00519890194862122,0,0,0,0.0018638892633877,0,0,0.000776696250829018,0,0.68994729364396,0.0502928788508948,0.0799040684596903
BA2912R,0.0692792762894631,0,0.0161472301262741,0,0,0.000699285010484815,0,0,0.0981803716210236,0,0.133194698704889,0,0.00278032061274152,0,0,0,0.000479467044407216,0,0,0,0,0.59960486805916,0.0291070161874143,0.050527466344142
BA2437R,0.0436586858833629,0,0.00481687638023762,0,0,0,0,0,0.139247828589108,0,0.104568539401306,0,0.00278424027510049,0,0,0,0,0,0,0,0,0.56667784089643,0.0423352150275145,0.0959107735469404
BA2283R,0.0247024727984932,0,0.0113968911912232,0,0,0,0,0,0.0823642798912074,0,0.140443610071712,0,0.000500844875427664,0,0,0,0.00100105905609586,0,0,0,0,0.67241060182328,0.00875037482636494,0.0584298654661958
BA2057R,0.0113020394517604,0,0.00955232357710918,0,0,0.000881799600134854,0,0,0.105332702797295,0,0.151013335943649,0,0.00994896654300059,0,0,0,0.0014959141674641,0,0,0.00162690763339524,0,0.615158691098622,0.0367739084940427,0.0569134106935275
BA2633R,0.113091535207117,0,0.0121760116585835,0,0,0,0,0,0.131397560632373,0,0.0802970925306206,0,3.80960323378046e-05,0,0,0,0,0,0,0,0,0.548858521311195,0.0218150814390668,0.0923261011887058
BA3034R,0.0316202274043216,0,0,0,0,0,0,0,0.105174059949947,0,0.0425325646093284,0,0.000763102780149363,0,0,0,6.28639911634179e-05,0,0,0.00467587437316726,0,0.704620912661688,0.0360956970138881,0.0744546972163467
BA2607R,0.0279452248354676,0,0.00540416974483997,0,0,0,0,0,0.10710687261385,0,0.109756432672361,0,0.00347089955319868,0,0,0,0,0,0,0,0,0.63653599976013,0.041402624168273,0.068377776651879
BA2761R,0.0422819372649703,0,0.00270830961266474,0,0,0,0,0,0.10308786576137,0,0.079553566034808,0,0.00570190265678745,0,0,0,0,0,0,0,0,0.700205906443505,0.00398732201481304,0.062473190211082
BA2795R,0.0145325665834739,0,0.0170018759120539,0,0,0,0,0,0.0784212876424109,0,0.157060449653789,0,0.000890261576014173,0,0,0,0,0,0,0,0,0.605272392947469,0.0118620134666848,0.114959152218105
BA2182R,0.065382552623367,0,0,0,0,1.20861631565345e-05,0,0,0.116729095466099,0,0.0910636927033761,0,0.00236733525606725,0,0,0,0,0,0,0.00453254018531214,0,0.624688377389366,0.0284661943824594,0.0667581258307963
BA2152R,0.0364796102640741,0,0,0,0,0,0,0,0.114653377586711,0,0.0291773309371168,0,0.00147278118004224,0,0,0,9.49263136082854e-05,0,0,0.00431100137393441,0,0.725278210088162,0.0365789602349488,0.0519538020214023
BA2381R,0.0684152023864437,0,0.433686302866299,0,0,0,0,0,0.248874759118068,0,0,0,0,0,0,0,0.153726053140988,0,0,0,0,0,0,0.0952976824882012
BA2931R,0.0712049773149512,0,0,0,0,0,0,0,0.057143206325677,0,0.108489957475231,0,0.000405575080047992,0,0,0,0.0428453335067189,0,0,4.46142894055366e-05,0,0.63581161547904,0,0.0840547205289285
BA2040R,0.00686844914076725,0,0,0,0,0,0,0,0.0123375345221669,0,0.0285852969453464,0,0.000163226285735619,0,0,0,0,0,0,0.00361095229303517,0,0.860516706114345,0,0.0879178346986035
BA2590R,0.263725496165658,0,0,0,0,0,0,0,0.379944644698605,0,0,0,0,0,0,0,0,0,0,0,0,0.120116835117608,0,0.236213024018129
BA3195R,0.000284026371623497,0,0.426786250082671,0,0,0,0,2.92943943469466e-05,0.119489622855561,0,0,0,0,0,0,0,0.0565492097662074,0,0,0,0,0.217136931018396,0,0.179724665511195
BA2516R,0.0327520543926337,0,0.193219849549589,0,0,0,0,0,0.238006911146081,0,0.00150252461662588,0,0,0,0,0,0.0180655169545543,0,0,0.000303416908469949,0,0.456858299548409,0,0.0592914268836368
BA2353R,0,0,0.353709304824683,0,0,0,0,0,0.319236236256157,0,0,0,0,0,0,0,0.096360465100215,0,0,0,0,0.109006947706181,0,0.121687046112764
BA3036R,0,0,0.315877845742214,0.0014470028014436,0,0,0,0,0.274985762603342,0,0.044251173373201,0,0,0,0,0,0,0,0,0,0,0.25857790901491,0,0.10486030646489
BA2971R,0.00210988471315607,0,0.00882375214569182,0,0,0,0,0,0.0388341892864904,0,0.0397516598552322,0,0,0,0,0,2.88899844080429e-05,0,0,0,0,0.770956819221631,0,0.13949480479339
BA3410R,0.0268629149908789,0,0,0,0,0,0,0,0.145835322799048,0,0.0246432769046918,0,0,0,0,0,0,0,0,0.00440141917879216,0,0.664768634484529,0,0.13348843164206
BA3118R,0.00227022987479846,0,0.0683495016395141,0,0,0,0,0,0.120284232520998,0,0.00618759178863229,0,0,0,0,0,0.129684397750089,0,0,0,0,0.562930953617065,0,0.110293092808903
BA3206R,0.0458207258575785,0,0.155208331355307,0,0,0,0,0,0.238493770546776,0,0.00354373781610927,0,6.29980796196652e-05,0,0,0,0,0,0,0,0,0.408784308151251,0,0.148086128193358
BA3202R,0.0573063340374742,0,0,0,0,0.000142819856549855,0,0,0.0730206869672962,0,0.0498251621768195,0,0,0,0,0,0,0,0,0.00412349033550732,0,0.600248545621545,0.0658032768353707,0.149529684169437
BA3217R,0.00421173669424796,0,0.408005840553727,0,0,0,0,0,0.197650323068802,0,0,0,0,0,0,0,0.132035880395635,0,0,0,0,0.0343179324492824,0,0.223778286838306
BA3405R,0,0,0,0,0,0,0,0,0.0507440515647685,0,0,0,0,0,0,0,0.045731745838849,0,0,0,0,0.795559455674871,0,0.107964746921512
BA3306R,0,0,0.198858798130687,0.00304817150902455,0,0,0,0,0.30020982057998,0,0,0,0,0,0,0,0,0,0.0519398737093852,0,0,0.103169639546774,0,0.342773696524149
BA3371R,0.116085609059068,0,0,0,0,0,0,0,0.255896822405636,0,0.0117065354979797,0,0.00505121235908463,0,0,0,0,0,0,0.00387225378673145,0,0.500428447181385,0,0.106959119710115
BA3413R,0.0110862895630144,0,0.123535970417379,0,0,0.000625957238657414,0,0,0.400983186077988,0,0,0,0,0,0,0,0.138926517836856,0,0,0,0,0.226968041888315,0.013324156205248,0.0845498807725419
BA3411R,0.0225516472774965,0,0.000352844430954132,0,0,0,0,0,0.134220370597714,0,0.000188171430847519,0,0,0,0,0,0,0,0,0.100905575980641,0,0.615171257560589,0,0.126610132721759
BA3133R,0.0120532724471097,0,0,0,0,0,0,0,0.454029960004989,0,0,0,0,0,0,0,0,0,0,0,0,0.398918137853518,0,0.134998629694384
BA3164R,0.0143248630048543,0,0.0192655617876083,0,0,0,0,0,0.761801129546956,0,0,0,0,0,0,0,0.043151716748377,0,0,0,0,5.63616990263954e-05,0,0.161400367213178
BA3451R,0,0,0,0,0,0,0,0,0.0432712684551697,0,0,0,0,0,0,0,0.00420040617446728,0,0,0,0,0.890926692483488,0,0.0616016328868755
BA3286R,0.0787882730064403,0,0.00987977089062635,0,0,0,0,0,0.176694636164605,0,0,0,0,0,0,0,0.157695743680943,0,0,0,0,0.371711054457004,0,0.205230521800382
BA3212R,0,0,0.00484951985306016,0,0,0,0,0,0.807612814519319,0,0,0,0,0,0,0,0,0,0,0,0,0,0,0.187537665627621
BA3103R,0,0,0.105327658292971,0,0,0,0,0,0.112373598599482,0,0,0,0,0,0,0,0.129812540980293,0,0,0,0,0.499977535149155,0,0.152508666978099
BA3271R,0.0409791961272379,0,0,0,0,0,0,0,0.212836011831465,0,0,0,0,0,0,0,0.143291725683624,0,0,0,0,0.399776615294638,0,0.203116451063036
BA3152R,0.00228148355843309,0,0,0,0,0,0,0,0.145212317424431,0,0,0,0,0,0,0,0,0,0,0.00479971754506079,0,0.765265479240955,0,0.0824410022311205
BA3095R,0,0,0.177221611101453,0,0,0,0,0,0.394448954273721,0,0,0,0,0,0,0,0.020178197511585,0,0,0,0,0.122966980886661,0,0.28518425622658
BA3192R,0.0650821407927642,0,0.307566355583296,0,0,0,0,0,0.437317444619842,0,0,0,0,0,0,0,0.000374687402059152,0,0,0,0,0.00869041750827908,0,0.18096895409376
BA3251R,0.0376770211013629,0,0.00303761198355801,0,0,0,0,0,0.226771614143172,0,0,0,0,0,0,0,0.0100959445253292,0,0,0,0,0.498323517845499,0,0.224094290401079
BA3362R,0,0,0,0,0,0,0,0,0.203853415027097,0,0,0,0,0,0,0,0.174979925940251,0,0,0,0,0.414554201806288,0,0.206612457226364
BA3400R,0.00176935053515798,0,0.16027805944454,0,0,0,0,0,0.304832283863225,0,0.0376778940155246,0,0,0,0,0,0,0,0.00100983108210001,0,0,0.15990382207035,0,0.334528758989103
BA3135R,0.00300706758762254,0,0.293634842125988,0,0,0,0,0.00181887182152719,0.212432210352998,0,0.0567854046986233,0,0,0,0,0,0,0,0,0,0,0.139025242900936,0,0.293296360512305
BA3408R,0.000173734655445439,0,0.0328100972763104,0,0,0,0,0,0.0535339309057187,0,0.346292841174589,0,0,0,0,0,0.00274996799226001,0,0,0.000243348500473129,0,0.33529515116264,0.00750309133586681,0.221397836996696
BA3187R,0.0579723408283969,0,0.000366544251124329,0,0,0,0,0,0.140856898409259,0,0,0,3.87966473294292e-05,0,0,0,0,0,0,0.0579147584474659,0,0.668986707478427,0,0.0738639539379981
BA3098R,0.00607230640857972,0,0.0341176825289966,0,0,0,0,0,0.250740555808269,0,0,0,0,0,0,0,0.0858618350906203,0,0,0,0,0.49519690645875,0,0.128010713704784
BA3435R,0.00128034053199519,0,0.457848371365793,0,0,0,0,0,0.234130947266612,0,0.0173202117762589,0,0,0,0,0,0.00225249147849676,0,0,0,0,0.0278606568975195,0,0.259306980683325
BA3261R,0.084494325535585,0,0.0390493263013091,0,0,0,0,0,0.154440632483536,0,0.0750738614069112,0,0,0,0,0,0,0,0,0,0,0.512320498356251,0,0.134621355916407
BA3203R,0.00604575948206264,0,0,0,0,0,0,0,0.0673245311636797,0,0,0,0,0,0,0,0,0,0,0.00492101919593693,0,0.670824184192662,0,0.250884505965659
BA3174R,0,0,0,0,0,0,0,0,0.0373647060631957,0,0.0105763385879722,0,0,0,0,0,0.00433586701188232,0,0,0,0,0.769502780086551,0,0.178220308250399
BA3317R,0,0,0.612004308622538,0,0,0,0,0,0.276990694762027,0,0,0,0,0,0,0,0,0,0,0,0,0.00143559286693545,0,0.1095694037485
BA3299R,0.0203769896336876,0,0,0,0,0,0,0,0.0652270145142771,0,0,0,0.00142273875906301,0,0,0,0.0032525326549344,0,0,0,0,0.830217086457852,0,0.0795036379801856
BA3221R,0,0,0,0,0,0,0,0,0.0296479507824247,0,0.120575660618777,0,0,0,0,0,0,0,0,0,0,0.739703234859539,0.00263133447308912,0.10744181926617
BA3347R,0.000391634104395706,0,0,0,0,0,0,0,0.0308949932713317,0,0,0,0,0,0,0,0,0,0,0,0,0.876040553305049,0,0.0926728193192236
BA3235R,0,0,0,0,0,0,0,0,0.00827579264718767,0,2.49907425804538e-05,0,0,0,0,0,0.00241445573807617,0,0,0,0,0.921040777966656,0,0.0682439829055
BA3126R,0,0,0,0,0,0,0,0,0.0178503131125964,0,0,0,0,0,0,0,0.00373191146494154,0,0,0,0,0.904823475380262,0,0.0735943000422003
BA3380R,0,0,0.160879808867856,0,0,0,0,0,0.329333995967618,0,0.0656224841101622,0,0,0,0,0,0.243982609399676,0,0,0,0,0.104962553044678,0,0.0952185486100101
BA3089R,0,0,0.273079506085707,0.003383220689834,0,0,0,0,0.420766589187769,0,0.067540468209589,0,0,0,0,0,0,0,0,0,0,0.066366458708787,0,0.168863757118314
BA3109R,0,0,0.00175606334131765,0,0,0,0,0,0.0121833929709759,0,0.00912085379784742,0,0,0,0,0,0,0,0,0,0,0.823128991515437,0.008407729233486,0.145402969140936
BA3114R,0,0,0.0328983044705908,0,0,0,0,0,0.136944127419963,0,0,0,0,0,0,0,0,0,0,0,0,0.586325786084386,0,0.24383178202506
BA3418R,0.00165423076599638,0,0.268862451916299,0,0,0,0,0.0015222450525759,0.193041586138026,0,0.177586814530201,0,0,0.0002534080819035,0,0,0.00156594276908996,0,0,0,0,0.22085434545743,0,0.134658975288477
BA3245R,0,0,0.173483546689289,0,0,0,0,0,0.157410943944272,0,0,0,0,0,0,0,0,0,0,0,0,0.330592234422274,0,0.338513274944165
BA3085R,0.00303119853341099,0,0.107282858703483,0,0,0,0,0,0.241066968030516,0,0.00886916097968328,0,0,0,0,0,0.0488822207183796,0,0,0,0,0.349539581869637,0,0.241328011164891
BA3128R,0,0,0.376910971868472,0.0799693074661012,0,0,0.0167559120075936,0,0.207504006761288,0,0.0148825351464755,0,0,0,0,0,0.118331631877068,0,0,0,0,0.105754752334388,0,0.079890882538614
BA3423R,0.00249223610301422,0,0.657179952656221,0,0,0,0,0.00202831330394955,0.298277882738028,0,0.00978139746152529,0,0,0,0,0,0,0,0,0,0,0.00756137459737382,0,0.0226788431398888
BA3173R,0.0378556205781631,0,0.170994514045916,0,0,0,0,0,0.227324109540561,0,0,0,0,0,0,0,0.199458058216134,0,0,0,0,0.000816318652593014,0,0.363551378966632
BA3171R,0.00167604987570391,0,0.0700526051436128,0,0,0,0,0,0.249783627421878,0,0.0247680614166861,0,0,0,0,0,0.000515587611494852,0,0,0.00221813652838695,0,0.538525647846735,0,0.112460284155503
BA3277R,0.0277395356440099,0,0.187110329305931,0,0,0,0,0,0.156160265351754,0,0.0115497323036018,0,0,0,0,0,0.0397688931032759,0,0,0.000805998387082816,0,0.40496525869119,0,0.171899987213155
BA3210R,0.00571271073199011,0,0.0391391169772761,0,0,0,0,0,0.053496410813261,0,0,0,0,0,0,0,0,0,0,0,0,0.746978060411466,0,0.154673701066007
BA3157R,0.0756740850531044,0,0.482870724001717,0.00403546454165125,0,0,0,0.0462616457870302,0.244980572300347,0,0,0,0,0,0,0,0,0,0,0,0,0.0256583729458465,0,0.120519135370303
BA3433R,0.00211954978894936,0,0.474180773653629,0,0,0,0,0,0.198256834680915,0,0,0,0,0,0,0,0,0,0,0,0,0.0929910169950716,0,0.232451824881434
BA3322R,0,0,0,0,0,0.000463356405769021,0,0,0.0995430072210811,0,0.457530115430697,0,0.000387933215454104,0,0,0,0,0,0,0.00359959402352484,0,0.384861471737593,0.00698807373595202,0.0466264482299282
BA3374R,0.0467375176807004,0,0,0,0,0,0,0,0.304809865667326,0,0,0,0,0,0,0,0.451135194895112,0,0,0,0,0.173482978864383,0,0.0238344428924788
BA3450R,0.0255804218262803,0,0.254469327281693,0,0,0,0,0,0.217533940254275,0,0,0,0,0,0,0,0.0002558936083435,0,0,0.00178573281530569,0,0.38518970619955,0,0.115184978014552
BA3167R,0.00118655262258423,0,0.271809952665347,0,0,0,0,0.000939099043132542,0.147327619988142,0,0.00406417146382128,0,0,0,0,0,0.150783975924329,0,0,0,0,0.372948183330549,0,0.0509404449620955
BA3269R,0.00296540829244415,0,0.18705608653992,0,0,0,0,0,0.111557447994744,0,0,0,0,0,0,0,0.0948096911610342,0,0,0,0,0.237439433179214,0,0.366171932832644
BA3110R,0,0,0.561904548878739,0,0,0,0,0,0.0528305986762046,0,0,0,0,0,0,0,0.127066805360071,0,0,0,0,0.203062092621424,0,0.0551359544635619
BA3156R,0.00566321607998275,0,0.139362617338125,0,0,0,0,0,0.485026019312282,0,0.00819863008835058,0,0,0,0,0,0,0,0,0,0,0.133776834722407,0,0.227972682458853
BA3226R,0.00130211581762421,0,0.355560192895927,0,0,0,0,0.001658202970014,0.300002407603591,0,0,0,0,0,0,0,0.00148731837749765,0,0,0,0,0.132698847163479,0,0.207290915171867
BA3421R,0,0,0,0,0,0,0,0,0.0346993032907306,0,0.0345491166539234,0,0,0,0,0,0.0021138563855949,0,0,0,0,0.881765721278941,0,0.0468720023908098
BA3232R,0.0460679795273499,0,0.00119166792062535,0,0,0,0,0,0.315912448088267,0,0,0,0,0,0,0,0,0,0,0.121966538028167,0,0.36771548983079,0,0.147145876604801
BA3289R,0,0,0,0,0,0,0,0,0.00377049771170137,0,0,0,0,0,0,0,0.000499942172316189,0,0,0,0,0.960000308889013,0,0.0357292512269691
BA3430R,0,0,0,0,0,0,0,0,0.00912237496859032,0,0.00107621442824878,0,0,0,0,0,0,0,0,0,0,0.961575989839419,0,0.0282254207637422
BA3145R,0,0,0.472309292555244,0,0,0,0.000219427238089137,0,0.289396070653323,0,0.00330950406670709,0,0,0,0,0,0.0525346805819614,0,0,0,0,0.104300577475891,0,0.0779304474287843
BA3399R,0,0,0,0,0,0,0,0,0.00565858606449906,0,8.06217643513917e-05,0,0,0,0,0,0,0,0,0,0,0.916394255193716,0,0.0778665369774337
BA3449R,0.0664269143806664,0,0.295643838632542,0,0,0,0,0,0.348705559679853,0,0,0,0,0,0,0,0,0,0,0,0,0.140173079755473,0,0.149050607551466
BA3384R,0.0169051751158514,0,0.00280184499431696,0,0,0,0,0,0.288962042278675,0,0,0,0,0,0,0,0.000139733852761698,0,0,0,0,0.530357560984899,0,0.160833642773496
BA3427R,0,0,0,0,0,0,0,0,0.0162525077344071,0,0.284434069005953,0,0,0,0,0,0,0,0,0,0,0.466255163271172,0,0.233058259988468
BA3163R,0,0,0,0,0,0,0,0,0.034666825976739,0,0,0,0,0,0,0,0.00213662394024917,0,0,0.00179318476415929,0,0.870926135872722,0,0.0904772294461306
BA3158R,0.0467767635580451,0,0.158566792931966,0,0,0,0,0,0.335654889177127,0,0,0,0,0,0,0,0.116952707957189,0,0,0,0,0,0,0.342048846375672
BA3436R,0.00372197149863923,0,0.508485693179721,0,0,0,0,0.000876724350660663,0.401554290560529,0,0,0,0,0,0,0,0,0,0,0,0,0,0,0.0853613204104502
BA3154R,0,0,0.841450201720858,0,0,0,0,0.00294150677665839,0.0709417422138121,0,0,0,0,0,0,0,0,0,0,0,0,0.0591369377406423,0,0.0255296115480289
BA3162R,0.00234973520273522,0,0.0652268488482694,0,0,0,0,0,0.0993543410843633,0,0,0,0,0,0,0,0.0868151713708857,0,0,0,0,0.637423069884969,0,0.108830833608778
BA3352R,0.00230381859317632,0,0.397796546351817,0,0,0,0,0.0152119583725512,0.338973257074478,0,0,0,0,0.00105235094146686,0,0,0,0,0.0363301866909951,0,0,0.0441351216754591,0,0.164196760300056
BA3084R,0.118042626241955,0,0.00144634679472132,0,0,0,0,0,0.653122895146282,0,0.000471731223824651,0,0.00112456541192215,0,0,0,0.00788167770958139,0,0,0,0,0.151413295787226,0,0.0664968616844873
BA3149R,0,0,0.0225550275456006,0,0,0,0,0,0.0300971771665601,0,0,0,0,0,0,0,0,0,0,0,0,0.765357401714581,0,0.181990393573258
BA3169R,0.0805360055251845,0,0,0,0,0,0,0,0.0972548811086637,0,0.00632549154358785,0,0,0,0,0,0.00332116267786222,0,0,0,0,0.68448637261549,0,0.128076086529212
BA3180R,0.046035309498045,0,0.436704314590451,0,0,0,0,0,0.331085749017946,0,0,0,0,0,0,0,0,0,0,0,0,0.0113465396963824,0,0.174828087197176
BA3255R,0.00264666755586796,0,0,0,0,0,0,0,0.25807616828114,0,0,0,0,0,0,0,0.0788811388630303,0,0,0,0,0.357037360785878,0,0.303358664514084
BA3438R,0.06753454271227,0,0.159004379933103,0,0,0,0,0,0.334095930600988,0,0,0,0,0,0,0,0,0,0,0.176912001468982,0,0.132831546935755,0,0.129621598348903
BA3345R,0,0,0,0,0,0,0,0,0.000795843891218767,0,0.0680091409138862,0,0.00021265102704937,0,0,0,0,0,0,0.00299973616270581,0,0.78729279553567,0,0.140689832469469
BA3403R,0.000252162117421316,0,0,0,0,0,0,0,0.208256303988592,0,0,0,0,0,0,0,0.353708113848403,0,0,0,0,0.197859489489727,0,0.239923930555857
BA3431R,0,0,0.00590618782274639,0,0,0,0,0,0.031135518651123,0,0.013278132813573,0,0,0,0,0,0.00331774436586876,0,0,0,0,0.867757065815076,0,0.0786053505316127
BA3181R,0,0,0,0,0,0,0,0,0.0627426806778795,0,0.0223225998094528,0,0.000229736625728134,0,0,0,0,0,0,0.000825056341713662,0,0.789182505775814,0.0857857283984745,0.0389116923709375
BA3341R,0.000881152528504551,0,0.312284619562786,0,0,0,0,0.000477563075694861,0.0975260528724172,0,0.0152540799397953,0,0,5.09251401812854e-05,0,0,0.00290735696854525,0,0,0,0,0.385637208117651,0,0.184981041794424
BA3191R,0,0,0,0,0,0,0,0,0.0757118151525572,0,0,0,0,0,0,0,0,0,0,0,0,0.750969613397354,0,0.173318571450089
BA3197R,0.00987799077183388,0,0.223218197579442,0,0,0,0,0,0.437285050830995,0,0,0,0,0,0,0,0,0,0,0,0,0,0,0.329618760817729
BA3448R,0.00366002483598092,0,0.417108999247423,0,0,0,0,0,0.441282895088766,0,0,0,0,0,0,0,0.0402726935116739,0,0,0,0,0,0,0.0976753873161562
BA3453R,0.00314209976579712,0,0.155004464202908,0,0,0,0,0,0.208047775471834,0,0,0,0,0,0,0,0.0012177519609964,0,0,0,0,0.351291889698166,0,0.281296018900298
BA3406R,0.0013996264985432,0,0.0896346102344594,0,0,0,0,0,0.225520534682339,0,0.179182459665489,0,0,0,0,0,0.161348681721961,0,0,0,0,0.0730702746399627,0,0.269843812557246
BA3308R,0,0,0.662182811506456,0,0,0,0,0,0.13398917536218,0,0.0351564791912234,0,0,0,0,0,0,0,0,0,0,0.0731512140167201,0,0.0955203199234207
BA3186R,0.00293402445679159,0,0,0,0,0,0,0,0.674931031643011,0,0,0,0,0,0,0,0,0,0,0.00161524482558047,0,0,0,0.320519699074617
BA3334R,0.000382906954439045,0,0.134130134816426,0,0,0,0,0,0.0584320753372931,0,0.00758811125428093,0,0,0,0,0,0.0531172356020989,0,0,0.00129825998029081,0,0.671083382772952,0,0.0739678932822184
BA3447R,0,0,0.247881885690205,0,0,0,0,0.000750626508614149,0.160594661348114,0,0,0,0,0,0,0,0.110091136698495,0,0,0.0752332124050682,0,0.344295039114355,0,0.0611534382351481
BA3116R,0.0141346427800932,0,0.000235906786286574,0,0,0,0,0,0.0420454705141698,0,0,0,0,0,0,0,0,0,0,0,0,0.82263165711273,0,0.12095232280672
BA3280R,0.00137005612847864,0,0.457054245662012,0,0,0,0,0.00275110087019998,0.263852025387737,0,0.00844208741970911,0,0.00021128059236656,0,0,0,5.10197108082733e-05,0,0,0,0,0.0904520545487599,0,0.175816129679929
BA3185R,0.0010815672452832,0,0.598743787035271,0,0,0,0,0,0.0501113438967175,0,0.0272515562951951,0,0,0,0,0,0.14221127423559,0,0,0,0,0.118999701148701,0,0.0616007701432418
BA3094R,0,0,0,0,0,0,0,0,0.189715803336687,0,0.05277905642304,0,0,0,0,0,0.492049298861077,0,0,0,0,0.131857828269882,0,0.133598013109314
BA3318R,0.00369398085656197,0,0.314268499649574,0,0,0,0,0,0.177895215181521,0,0.000590655680146084,0,0,0,0,0,0,0,0,0,0,0.254743150940178,0,0.248808497692019
BA3216R,0.0553006665500579,0,0.00577682342101879,0,0,0,0,0,0.198200001049656,0,0.000559309929217839,0,0,0,0,0,0,0,0,0,0,0.324528481889104,0,0.415634717160946
BA3332R,0.237335253254378,0,0.129552154484478,0,0,0,0,0,0.33897116194254,0,0,0,0,0,0,0,0,0,0,0.0845523140263123,0,0.0562380984362156,0,0.153351017856076
BA3214R,0,0,0.31253000345157,0.282381240957833,0,0,0,0,0.183894222648431,0,0.00249556600346992,0,0,0,0,0,0,0,0,0,0,0.124174460648932,0,0.0945245062897639
BA3099R,0,0,0.140499736841086,0,0,0,0,0,0.461116230644187,0,0,0,0,0,0,0,0.0282029867983883,0,0,0,0,0.248108901249556,0,0.122072144466782
BA3141R,0.0025439718822278,0,0.417729907728281,0,0,0,0,0.0376369219081911,0.444820122046368,0,0,0,0,0,0,0,0.00032044729310267,0,0,0,0,0.0407596174592047,0,0.0561890116826247
BA3373R,0,0,0.334612811214402,0,0,0,0,0,0.481788531366891,0,0,0,0,0,0,0,0,0,0,0,0,0.0376422520298082,0,0.145956405388899
BA3319R,0,0,0,0,0,0,0,0,0.0235516511057279,0,0,0,0,0,0,0,0,0,0,0,0,0.839740721133142,0,0.136707627761131
BA3328R,0.00103915225463548,0,0,0,0,0,0,0,0.186393778424551,0,0,0,0,0,0,0,0.000775117765313089,0,0,0,0,0.393246613539796,0,0.418545338015705
BA3339R,0.00153648865640193,0,0.121761077892289,0,0,0,0,0,0.0304218555688769,0,0.370679326911993,0,0,0,0,0,0,0,0,0,0,0.348673028450197,0,0.126928222520242
BA3240R,0.00270369905111123,0,0.503409453663533,0,0,0,0,0.00196179295246052,0.308353686393752,0,0,0,0,5.76040346995117e-05,0,0,0,0,0,0,0,0,0,0.183513763904443
BA3142R,0,0,0.428069001941146,0,0,0,0,0,0.314695255133879,0,0.00620518282759188,0,0,0,0,0,0,0,0,0,0,0.15124076912831,0,0.0997897909690732
BA3333R,0.00314169344394662,0,0.402478057408593,0,0,0,0,0.00165385885947674,0.27926653425647,0,0,0,0,0,0,0,0,0,0,0,0,0.0854734631863416,0,0.227986392845172
BA3381R,0.0223707997579752,0,0.0146759428407115,0,0,0,0,0,0.0902257929957978,0,0.00202416550184312,0,0,0,0,0,0,0,0,0,0,0.758908345886167,0,0.111794953017506
BA3290R,0.00629616783945373,0,0.0138759428405569,0,0,0,0,0,0.126030516028622,0,0,0,0,0,0,0,0,0,0,0.147420668981093,0,0.632920990504734,0,0.07345571380554
BA3207R,0,0,0,0,0,0,0,0,0.0405549931363742,0,0,0,0,0,0,0,0,0,0,0.00228022915229216,0,0.838899404907484,0,0.11826537280385
BA3296R,0,0,0,0,0,0,0,0,0.0499649063978008,0,0.0454163254580327,0,0,0,0,0,0,0,0,0,0,0.821307797994736,0,0.0833109701494305
BA3305R,0.0194896675304461,0,0.0424829585338566,0,0,0,0,0,0.191859467204724,0,0.0148906081155605,0,0,0,0,0,0,0,0,0,0,0.653546683971651,0,0.0777306146437609
BA3434R,0.0256765382321138,0,0.0516532810503546,0,0,0,0,0,0.142883665851282,0,0.0409249196203824,0,0,0,0,0,0,0,0,0,0,0.648461559113777,0,0.0904000361320896
BA3189R,0,0,0.243201394277005,0,0,0,0,0,0.321201254197048,0,0,0,0,0,0,0,0,0,0,0,0,0.246316261135351,0,0.189281090390595
BA3264R,0.0978659280288282,0,0.00270009139795083,0,0,0,0,0,0.340047092228725,0,0,0,0,0,0,0,0.17458524084879,0,0,0,0,0.0354029982160251,0,0.349398649279681
BA3329R,0.0046908983286556,0,0.12946409496302,0,0,0,0,0,0.405588164513888,0,0.0559599468167705,0,0,7.04836908007583e-05,0,0,0,0,0,0.000149394976727846,0,0.156814750632334,0,0.247262266077803
BA3417R,0.00105171353131549,0,0.0386691801182908,0,0,0,0,0,0.0410337557692859,0,0.104231468104115,0,0,0,0,0,0.00751251217447773,0,0,0,0,0.505653123320381,0.112738261350666,0.189109985631467
BA3367R,0,0,0,0,0,0,0,0,0.0284125891369821,0,0.00222012074340273,0,0,0,0,0,0,0,0,0.00384567100689373,0,0.918791453855676,0,0.0467301652570455
BA3225R,0,0,0,0,0,0,0,0,8.80534357514879e-05,0,0,0,0,0,0,0,0,0,0,0.00343042955143786,0,0.823822702661148,0,0.172658814351662
BA3183R,0.003252558813897,0,0.162643117823779,0,0,0,0,0,0.318026239202756,0,0,0,0,0,0,0,0.000511521051630491,0,0,0.000765834275255211,0,0.318000739165604,0,0.196799989667079
BA3222R,0.153041235840813,0,0,0,0,0,0,0,0.325791561546846,0,0,0,0,0,0,0,0.320013375072005,0,0,0,0,0.133334515044146,0,0.0678193124961897
BA3139R,0,0,0,0,0,0,0,0,0.709348111551083,0,0,0,0,0,0,0,0,0,0,0,0,0,0,0.290651888448917
BA3397R,0.0891158897217658,0,0,0,0,0,0,0,0.269588961672651,0,0,0,0,0,0,0,8.18304929301809e-05,0,0,0,0,0.410096503488632,0,0.231116814624021
BA3311R,0,0,0,0,0,0,0,0,0.0168953783284197,0,0,0,0.000912636200008736,0,0,0,0,0,0,0.00440013750138566,0,0.830358891716796,0,0.14743295625339
BA3422R,0.157024361723714,0,0.24504046536505,0,0,0,0,0,0.232618590766196,0,0,0,0,0,0,0,0,0,0,0,0,0,0,0.36531658214504
BA3228R,0.00175865783383536,0,0.0738237583420856,0,0,0,0,0,0.255103632440765,0,0,0,0,0,0,0,0.128192437083577,0,0,0,0,0.421472972195338,0,0.119648542104399
BA3213R,0.0390619549453682,0,0,0,0,0,0,0,0.117744077608706,0,0,0,0,0,0,0,0.0012438542548445,0,0,0,0,0.644665361887661,0,0.19728475130342
BA3270R,0.000324998320770326,0,0,0,0,0,0,0,0.0897479160715982,0,0,0,0,0,0,0,0,0,0,0.00364875458741145,0,0.776412877938919,0,0.129865453081301
BA3415R,0.175586001498056,0,0.0579982552008392,0,0,0,0,0,0.354728840603065,0,0,0,0.000300450121502778,0,0,0,0,0,0,0.0146319143757562,0,0.209699412460212,0,0.18705512574057
BA3324R,0.0802934391655533,0,0.00357265502372572,0,0,0,0,0,0.183050770310282,0,0,0,0,0,0,0,0,0,0,0,0,0.614457374027079,0,0.11862576147336
BA3194R,0.00238575684962977,0,0.170979431254874,0,0,0,0,0,0.372101324693403,0,0,0,0,0,0,0,0.173740493021895,0,0,0,0,0,0,0.280792994180199
BA3335R,0.00310609793788903,0,0.24690833979314,0,0,0.000696250941059081,0,0,0.342219118814874,0,0,0,0.00014184428661822,0,0,0,0,0,0,0,0,0.0778215076856404,0,0.32910684054078
BA3199R,0.300403359276686,0,0.0592588529300682,0,0,0,0,0,0.323715345564968,0,0,0,0,0,0,0,0.100369923284678,0,0,0,0,0.16439435733713,0,0.0518581616064689
BA3326R,0.00544595600839789,0,0,0,0,0,0,0,0.141884244251319,0,0,0,0,0,0,0,0.0247302455125787,0,0,0,0,0.801247483658606,0,0.0266920705690981
BA3285R,0.00374893170110228,0,0.134985921284389,0,0,0,0,0,0.773668028181295,0,0,0,0,0,0,0,0,0,0,0,0,0,0,0.087597118833214
BA3297R,0.00795890997684956,0,0.0425492011827331,0,0,0,0,0,0.289883459537401,0,0.0176682754927748,0,0,0,0,0,0.106520555838018,0,0,0,0,0.2599427717977,0,0.275476826174524
BA3227R,0.00170211177233731,0,0.360664972803372,0,0,0,0,0,0.516428164673119,0,0,0,0,0,0,0,0,0,0,0,0,0,0,0.121204750751172
BA3394R,0.00148514776762898,0,0.143748139456811,0,0,0,0,0,0.224276537140246,0,0,0,0,0,0,0,0,0,0,0.00162479196777035,0,0.572387243108476,0,0.0564781405590676
BA3412R,0.0933104129133372,0,0,0,0,0,0,0,0.295270593082,0,0,0,0,0,0,0,0.28727495689516,0,0,0,0,0.165710903181814,0,0.158433133927688
BA3293R,0.0414979637212356,0,0.157697482078004,0,0,0,0,0,0.493436233391055,0,0,0,0,0,0,0,0,0,0,0,0,0.0110569950714949,0,0.296311325738211
BA3250R,0.0101200584222984,0,0.0216457507768914,0,0,0,0,0,0.108236122473266,0,0,0,0,0,0,0,0.141933547081395,0,0,0,0,0.591834014899404,0,0.126230506346745
BA3177R,0.0694382036624087,0,0,0,0,0,0,0,0.340906441419957,0,0,0,0,0,0,0,0.190146324205128,0,0,0.00110722646232717,0,0.331319425074328,0,0.0670823791758511
BA3315R,0.0785107034007599,0,0,0,0,0,0,0,0.225823533807988,0,0.0495750148768747,0,0.000139620010249058,0,0,0,0,0,0,0.00303839416228638,0,0.352463836891908,0.000221233031539679,0.290227663818394
BA3182R,0.0167683539469088,0,0,0,0,0,0,0,0.0871122571893757,0,0,0,0,0,0,0,0.0550374680963866,0,0,0,0,0.732212253710769,0,0.10886966705656
BA3260R,0,0,0,0,0,0,0,0,0.0161805351683051,0,0,0,0,0,0,0,0,0,0,0.00296715677354994,0,0.935419626425681,0,0.0454326816324643
BA3369R,0.0129338473153373,0,0.0335172291219357,0,0,0,0,0,0.154877270797028,0,0,0,0,0,0,0,0.162065658155596,0,0,0,0,0.44473721370391,0,0.191868780906193
BA3078R,0,0,0.268074607296388,0,0,0,0,0,0.262315941704499,0,0,0,0,0,0,0,0.297192192401037,0,0,0,0,0.120455057063462,0,0.0519622015346142
BA3386R,0.00251874268788444,0,0.152580624044043,0,0,0,0,0,0.529540746539727,0,0,0,0,0,0,0,0.0872358751849606,0,0,0,0,0.0159890518887428,0,0.212134959654642
BA3445R,0,0,0.228649851773628,0,0,0,0,0,0.1889207761724,0,0.030673628703588,0,0,0,0,0,0,0,0,0,0,0.366939530775792,0,0.184816212574593
BA3452R,0,0,0.325194065484277,0,0,0,0.128163342752835,0,0.0690704826810686,0,0.047375722549405,0,0,0,0,0,0,0.000444376109152458,0,0,0,0.311149249514819,0,0.118602760908443
BA3176R,0.00217816126224299,0,0.366163990002186,0,0,0,0,0,0.224860681504929,0,0.00327188010553478,0,0.00174042157495208,0,0,0,0,0,0,0,0,0.339469327325594,0,0.0623155382245611
BA3258R,0,0,0,0,0,0,0,0,0.040550037129748,0,0,0,0,0,0,0,0,0,0,0,0,0.847279752583264,0,0.112170210286987
BA3295R,0.0154648875474893,0,0,0,0,0,0,0,0.112074026878441,0,0,0,0,0,0,0,0.00115360602655699,0,0,0.00284455675469538,0,0.754813042303882,0,0.113649880488936
BA3283R,0,0,0.1198686851661,0,0,0,0,0,0.0669044203835704,0,0.0791629364008104,0,0,0,0,0,0.120375567129641,0,0,0,0,0.48396926751308,0,0.129719123406798
BA3390R,0,0,0,0,0,0,0,0,0.0236142228205564,0,0,0,0,0,0,0,0.00267413851586785,0,0,0,0,0.866377796234524,0,0.107333842429052
BA3275R,0.0287168272556957,0,0.0148449931440462,0,0,0,0,0,0.419662121191734,0,0.00506534771195012,0,0,0,0,0,0.000512132334817741,0,0,0,0,0.213157438325429,0,0.318041140036327
BA3136R,0.00345521969196996,0,0.00422267021786855,0,0,0,0,0,0.255650110908369,0,0.0520769900596158,0,0.00219601586043664,0,0,0,0.100014952632392,0,0,0,0,0.275775567887984,0,0.306608472741364
BA3190R,0,0,0.209829341254891,0,0,0,0,0,0.0950194336104305,0,0.0140593938966888,0,0,0,0,0,0,0,0,0,0,0.609812683685243,0,0.0712791475527466
BA3234R,0,0,0,0,0,0,0,0,0.0150111563478442,0,0,0,0,0,0,0,0.00431990682435568,0,0,0,0,0.922644775357236,0,0.0580241614705636
BA3087R,0.00273773567021508,0,0.428213045595651,0,0,0,0,0,0.435127403501437,0,0,0,0,0,0,0,0.0579379769740221,0,0,0,0,0,0,0.0759838382586746
BA3454R,0,0,0.186322760995172,0,0,0,0,0,0.420051021506639,0,0,0,0,0,0,0,0.0229285074083232,0,0,0,0,0.180633087073914,0,0.190064623015952
BA3302R,0,0,0.675799297881301,0,0,0,0,0,0.168401837709907,0,0,0,0,0,0,0,0,0,0,0,0,0.126349832360766,0,0.0294490320480263
BA3117R,0.00344034671238212,0,0.378598073020612,0,0,0,0,0,0.302949852466657,0,0.0696786727549406,0,0,0,0,0,0.0167265284576954,0,0,0,0,0.152677742073819,0,0.0759287845138937
BA3083R,0.00910861179540668,0,0.00381565828379391,0,0,0,0,0,0.202392587177303,0,0,0,0,0,0,0,0,0,0,0,0,0.690176584181506,0,0.09450655856199
BA3266R,0.00279352538978701,0,0.104373668014317,0,0,0,0,0,0.245995161523866,0,0,0,0,0,0,0,0.0469101211095765,0,0,0,0,0.365809028032993,0,0.23411849592946
BA3175R,0,0,0,0,0,0,0,0,0.0564999337617527,0,0.000149122940343623,0,0,0,0,0,0.0029742578941558,0,0,0,0,0.808341113529618,0,0.13203557187413
BA3268R,0.00346086845300691,0,0.396415227922232,0,0,0.0254836291747393,0,0,0.347839251446383,0,0,0,0.00176659446776642,0,0,0,0,0,0,0,0,0,0.0212709714148313,0.203763457121042
BA3229R,0.000914643558491988,0,0.0230042259056499,0,0,0,0,0,0.119585695205946,0,0,0,0,0,0,0,0,0,0,0.00395633699042864,0,0.707639599035561,0,0.144899499303922
BA3353R,0,0,0.443949018927745,0,0,0,0,0,0.275941021715289,0,0.00896191787047584,0,0,0,0,0,0,0,0,0,0,0.0648977335904046,0,0.206250307896085
BA3312R,0.197893291985774,0,0.0101389007885701,0,0,0,0,0,0.264742317047213,0,0,0,0,0,0,0,0.0375498296642187,0,0,0,0,0.434836330640672,0,0.0548393298735527
BA3119R,0.0296557634147258,0,0.415242412070707,0,0,0,0,0.00193285870439524,0.319511636705577,0,0,0,0,0,0,0,0,0,0,0,0,0,0,0.233657329104595
BA3138R,0,0,0,0,0,0,0,0,0.0346152971129989,0,0,0,0,0,0,0,0,0,0,0.0039136776830526,0,0.881292317104799,0,0.0801787080991499
BA3219R,0,0,0,0,0,0,0,0,0.0091037719068975,0,0.00287141474184813,0,0,0,0,0,0.00143795473580217,0,0,0,0,0.869095355540414,0,0.117491503075038
BA3388R,0,0,0.00506008258833519,0,0,0,0,0,0.058586280285697,0,0,0,0,0,0,0,0.000919967924424029,0,0,0.00337298033372223,0,0.871894972964012,0,0.0601657159038099
BA3357R,0,0,0.437552892717693,0,0,0,0,0,0.217176351749427,0,0.0340566230252814,0,0,0,0,0,0,0,0,0,0,0.268693321694945,0,0.0425208108126536
BA3351R,0,0,0,0,0,0,0,0,0.33552890616337,0,0.136158809858501,0,0,0,0,0,0.00168471582813941,0,0,0,0,0.246720837362896,0,0.279906730787093
BA3208R,0.00128941647537241,0,0.500907649369186,0,0,0,0,0.000110866890646304,0.12970863794681,0,0,0,0,0,0,0,0.0364730623822174,0,0,0,0,0.0194624931849626,0,0.312047873750805
BA3310R,0.112056947324262,0,0.288030755991776,0,0,0,0,0,0.35493519466342,0,0,0,0.00015305055569463,0,0,0,0,0,0,0,0,0.0958218980917971,0,0.14900215337305
BA3200R,0.00150336198086097,0,0.228730918593136,0,0,0,0,0,0.447699344011609,0,0,0,0,0,0,0,0,0,0,0,0,0,0,0.322066375414394
BA3325R,0.00153436298151282,0,0.247487046362732,0,0,0,0,0,0.190729380711581,0,0,0,0,0,0,0,0.0726333635741846,0,0,0,0,0.294874910996522,0,0.192740935373468
BA3146R,0.0409189475107654,0,0.0072057188163447,0,0,0,0,0,0.264252350553421,0,0,0,0,0,0,0,0.109544824153283,0,0,0,0,0.367673883965628,0,0.210404275000559
BA3211R,0.0017784930998071,0,0.328538429811285,0,0,0,0,0,0.202887318278235,0,0.0336814088027556,0,0,0,0,0,0.163780094043146,0,0,0,0,0.180306882973679,0,0.0890273729910931
BA3237R,0.00551706806570281,0,0.00743709638359271,0,0,0,0,0,0.221482269052861,0,0.0399618445063841,0,0,0,0,0,0.000722750277292231,0,0,0.00130093581968739,0,0.588387063586961,0,0.135190972307519
BA3130R,0,0,0,0,0,0,0,0,0.0361743194323186,0,0,0,0,0,0,0,0,0,0,0,0,0.915729025662922,0,0.0480966549047594
BA3376R,0,0,0.279328984856889,0,0,0,0,0,0.383189461648235,0,0,0,0,0,0,0,0.0280094937337948,0,0,0,0,0.0972272203438797,0,0.212244839417201
BA3137R,0.0521618162361979,0,0,0,0,0,0,0,0.132441158245902,0,0,0,0,0,0,0,0.0366344428376976,0,0,0,0,0.534504761143497,0,0.244257821536706
BA3300R,0,0,0.325812158905414,0,0,0,0,0,0.462482566679457,0,0.000985518871892402,0,0,0,0,0,0,0,0,0,0,0,0,0.210719755543237
BA3375R,0.175334447483801,0,0,0,0,0,0,0,0.328497139819202,0,0,0,0,0,0,0,6.24401494924989e-05,0,0,0.000852620622807928,0,0.0397308736945154,0,0.455522478230182
BA3249R,0,0,0.480745688298877,0.1531448286074,0,0,0,0,0.316165410303472,0,0.00133867593958332,0,0,0,0,0,0,0,0,0,0,0.0296565048030431,0,0.0189488920476243
BA3385R,0.00494148793766748,0,0.0739525295955839,0,0,0,0,0,0.223712273800743,0,0.000380503638859705,0,0,0,0,0,0,0,0,0,0,0.579664609386073,0,0.117348595641073
BA3242R,0.00205372576400005,0,0.191489413109094,0,0,0,0,0,0.153175909210316,0,0,0,0,0,0,0,0,0,0,0.00245078875941015,0,0.521170083304171,0,0.129660079853008
BA3446R,0.0134646963869473,0,0,0,0,0,0,0,0.190952169984531,0,0,0,0,0,0,0,0.00133118311361052,0,0,0.00118259122073758,0,0.73505087219758,0,0.0580184870965937
BA3416R,0.00371663817159417,0,0.449703388256989,0,0,0,0,0,0.427096813076043,0,0.0799235389684121,0,0,0,0,0,0,0,0,0,0,0,0,0.0395596215269615
BA3123R,0,0,0.431609420556504,0,0,0,0,0,0.206856797495425,0,0.0603828869562364,0,0,0,0,0,0.106255505453774,0,0,0,0,0.106674066618933,0,0.0882213229191287
